,,,,,,,,
,,,,,,,,
,,,,,,,,
,,,,,,,,
,,,,,,,,
,,,,,,,,
,,,,,,,,
,,,,,,,,
,,,,,,,,
,,,,,,,,
,,,,,,,,
,,,,,,,,
,,,,,,,,
,,,,,,,,
,,,,,,,,
YEAR,DOY,T2M,WS2M_MAX,WD2M,RH2M,QV2M,PRECTOTCORR,ALLSKY_SFC_SW_DWN
2015,1,15.54,1.93,321.9,41.23,4.5,0,7.78
2015,2,16.4,2.6,183.8,52.99,6.11,4.1,3.06
2015,3,14.3,1.62,307.7,75.05,7.56,11.06,4.97
2015,4,13.26,4.1,298.1,62.61,5.62,0.04,7.59
2015,5,12.96,6.23,291.1,43.38,3.79,0.03,12.95
2015,6,13.06,4.09,281.2,51.98,4.68,0,9.12
2015,7,12.35,3.87,287.8,53.05,4.54,0,6.11
2015,8,11.89,3.75,281.4,47.08,3.85,0,5.62
2015,9,11.12,2.9,286,41.75,3.25,0,7.19
2015,10,10.92,4.23,282.9,38.8,2.94,0,11.09
2015,11,11.67,4.13,284.8,36.82,2.87,0,8.26
2015,12,12.05,2.86,259.2,35.91,2.94,0,7.91
2015,13,12.23,3.19,169.4,38.58,3.25,0,9.49
2015,14,11.24,2.41,90.7,57.93,4.69,2.34,4.77
2015,15,11.57,2.74,300.8,68.69,5.56,0,9.94
2015,16,12.7,2.5,284.9,66.03,5.7,0,11.06
2015,17,13.29,3.61,285.2,54.37,4.82,0,11.38
2015,18,12.8,4,284,47.26,4.04,0,10.6
2015,19,12.82,2.96,259.1,45.28,3.94,0,8.79
2015,20,12.04,1.52,208.6,42.88,3.61,0,7.37
2015,21,13.47,2.64,119.3,41.87,3.85,2.61,8.36
2015,22,12.27,2.74,91.4,80.86,7.16,6.15,1.79
2015,23,13.25,2.12,286.9,73.46,6.69,2.72,9.57
2015,24,13.51,2.86,284.2,61.05,5.52,0,7.97
2015,25,12.41,2.81,292.9,46.86,3.93,0,8.52
2015,26,12.3,1.24,1.9,56.77,5.04,3.04,6.66
2015,27,12.88,3.18,293.9,53.38,4.82,0,8.87
2015,28,10.91,2.99,289.9,50.12,3.92,0,12.32
2015,29,10.47,4.22,294.1,42.07,3.09,0,15.11
2015,30,11.47,5.05,290.4,40.87,3.2,0,16.67
2015,31,12.64,4.51,284.3,39.53,3.34,0,16.11
2015,32,15.02,1.93,186.9,38.61,3.97,0,14.24
2015,33,15.9,3.17,120.9,41.89,4.52,0.11,12.01
2015,34,15.66,4.09,134,54.06,5.75,2.13,13.42
2015,35,14.43,3.23,294.9,61.43,5.87,0.45,10.8
2015,36,13.69,3.37,283.3,48.51,4.21,0,17.22
2015,37,14.26,1.77,290.9,42.95,3.94,0,16.63
2015,38,16.51,1.77,338.9,41,4.69,0,15.03
2015,39,17.21,3.05,306.8,42.98,5.1,0,14.42
2015,40,16.17,3.26,301.4,48,5.03,0,16.61
2015,41,15.37,3.76,290.4,40.59,4,0,17.01
2015,42,15.1,2.44,283.1,38.67,3.9,0,15.59
2015,43,14.98,3.5,289.9,37.26,3.72,0,15.61
2015,44,15.99,4.04,280.1,33.84,3.61,0,17.88
2015,45,19.16,2.68,269.9,37.67,4.96,0,17.43
2015,46,20.2,2.63,273.3,38.64,5.41,0,16.8
2015,47,19.28,3.48,144.1,40.07,5.41,0,14.02
2015,48,19.72,1.55,135.3,46.17,6.22,0,15.62
2015,49,20.52,2.09,243.5,42.45,6.14,0,14.42
2015,50,21.9,3.03,155,38.33,6.15,0.02,15.76
2015,51,21.28,2.1,135,43.44,6.64,3.18,16.76
2015,52,21.59,4.87,306.5,41.08,6.18,0,17.31
2015,53,21.88,5.3,291.1,44.13,6.73,0,18.88
2015,54,20.8,2.09,286.8,43.71,6.49,0,17.13
2015,55,21.35,2.16,189.1,39.34,6.19,0,12.47
2015,56,20.75,3.21,166.5,43.9,6.69,2.38,11.68
2015,57,15.96,2.91,284.8,27.43,2.8,0.26,18.9
2015,58,16.11,2.39,317.2,27.56,2.79,0.19,19.84
2015,59,18.12,2.21,317,32.86,3.83,0.56,17.46
2015,60,15.92,6.11,120.5,84.83,9.87,34.12,3.92
2015,61,16.48,4.88,151,85.36,10.02,31.16,9.87
2015,62,15.76,2.28,292.9,66.96,7.17,4.36,12.82
2015,63,15.38,3.57,289.9,55.13,5.73,0.01,20.05
2015,64,16.7,2.83,283,50.17,5.57,0.02,20.74
2015,65,18.03,3.49,305,55.19,6.65,0.1,19.83
2015,66,19.52,2.13,240.3,54.83,7.5,2.9,14.39
2015,67,19.73,3.98,138.1,57.98,8.14,2.61,16.2
2015,68,15.77,3.36,304.5,51.74,5.3,3.02,21.02
2015,69,16.69,3.59,296.9,50.9,5.53,0,22.51
2015,70,18.09,2.89,280,42.05,5.02,0,21.3
2015,71,20.4,3.69,294.1,41.52,5.85,0,20.38
2015,72,21.16,1.93,239.4,46.77,7.1,0.06,12.93
2015,73,21.55,1.85,149.6,54.36,8.63,0.58,12.69
2015,74,19.15,5.88,143.9,65.77,9,3.95,5.12
2015,75,18.99,3.59,141.5,73.62,9.98,4.87,17.9
2015,76,19.91,4.26,294.7,60.09,8.26,0,21.57
2015,77,19.58,4.78,286.9,55.16,7.36,0,22.53
2015,78,20.12,3.58,278.9,47.37,6.44,0,23.4
2015,79,21.86,3.06,283.8,39.99,6.04,0,23.04
2015,80,23.21,3.63,293.1,44.31,7.45,0,22.58
2015,81,24.59,4.57,289.5,45.33,8.23,0,22.81
2015,82,24.99,3.94,286.8,43.11,7.91,0,23.18
2015,83,26.36,2.35,269.3,33.57,6.64,0,24.01
2015,84,27.39,1.85,303.9,32.62,7.26,0,22.14
2015,85,27.24,2.36,294.5,38.12,7.86,0,21.19
2015,86,27.43,4.15,294.4,36.56,7.68,0.01,22.75
2015,87,26.7,4.1,279.7,32.38,6.43,0,24.44
2015,88,23.86,4.2,107.7,43.52,7.59,4.42,9.97
2015,89,20.6,5.15,91,73.13,11.11,8.42,18.72
2015,90,24.23,3.19,121.5,57.5,10.33,0.05,21.55
2015,91,26.29,2.25,249,46.42,9.51,0.42,20.62
2015,92,26.88,2.46,69.7,45.5,9.61,0.41,22.75
2015,93,24,3.75,231.9,55,10.36,8.09,16.22
2015,94,20.12,1.73,254.5,76.08,11.41,15.16,15.96
2015,95,22.77,2.24,287,58.21,9.48,0.01,24.32
2015,96,23.75,2.63,286.3,44.13,7.72,0,24.36
2015,97,24.98,1.9,244.2,41.12,7.82,0.25,20.42
2015,98,24.56,3.18,303.6,45.41,8.37,0.48,24.45
2015,99,24.56,4.03,289.1,44.93,7.99,0.05,26.76
2015,100,25.56,3.85,284.1,42.15,8,0,26.52
2015,101,28.04,1.72,273.7,32.99,7.13,0,23.84
2015,102,26.7,1.26,260.9,41.06,8.58,1.8,12.12
2015,103,25.06,2.92,167.6,53.5,10.41,1.62,17.2
2015,104,25.48,2.1,136.3,54.66,10.69,1.57,21.53
2015,105,27.05,1.64,150.8,49.21,10.68,2.12,21.63
2015,106,27,3.99,287.2,49.91,10.72,0.58,15.88
2015,107,27.35,6.16,289.9,44.85,9.61,0.1,24.34
2015,108,29.82,5.31,292.9,39.59,9.62,0,24.4
2015,109,31.62,2.85,270.1,34.5,9.27,0,25.15
2015,110,31.1,3.66,155,33.45,8.85,0.09,22.73
2015,111,30.43,4.98,281.7,30.49,7.82,0,24.2
2015,112,29.31,4.9,284.6,27.63,6.25,0,27.22
2015,113,30.59,3.48,302.8,25.74,6.35,0,26.97
2015,114,33.37,1.25,246.8,17.62,5.44,0,26.54
2015,115,32,3.74,134.5,21.3,5.96,0,26.88
2015,116,28.49,5.49,121.5,45.59,10.62,0.09,25.33
2015,117,29.74,4.76,134.7,42.56,10.78,2.86,23.66
2015,118,31.3,2.69,190.5,41.92,11.37,0.2,23.56
2015,119,31.55,2.22,244.7,32.68,8.93,0.13,25.47
2015,120,31.74,3.72,144.3,31.03,8.57,0,25.59
2015,121,31.32,1.73,357.1,31.87,8.94,1.63,25.17
2015,122,30.64,3.54,291.4,30.14,7.82,0.15,25.84
2015,123,31.1,2.91,290,23.69,6.07,0,26.52
2015,124,31.74,2.96,274.3,21.16,5.74,0,27.72
2015,125,31.75,3.5,280.7,22.98,6.06,0,26.76
2015,126,32.88,5.85,270.5,19.14,5.3,0,27
2015,127,33.66,4.96,287.1,18.83,5.75,0,26.45
2015,128,34.44,4.81,278.4,16.6,5.37,0,26.4
2015,129,34.55,2.3,273.3,23.59,7.63,0,25.04
2015,130,34.85,3,267.4,23.59,7.92,0,26.03
2015,131,36.02,2.67,256.6,22.92,8.17,0.1,23.26
2015,132,35.02,1.83,230.7,25.68,8.88,0.88,25.52
2015,133,33.77,3.53,252.3,27.16,8.64,0.18,16.08
2015,134,32.75,2.65,278.9,27.97,8.52,0.96,25.87
2015,135,33.25,4.35,296.7,29.97,9.19,0.11,22.83
2015,136,34.01,2.62,277.7,26.47,8.55,1.22,26.78
2015,137,34.79,2.57,226,21.93,7.53,0,27.32
2015,138,36.91,2.4,209.7,19.66,7.46,0,26.81
2015,139,37.85,4.51,284.1,17.96,7.19,0,18.29
2015,140,36.09,6.17,286.7,15.82,5.44,0.48,27.18
2015,141,36.23,5.62,281.5,15.07,5.04,0,27.91
2015,142,36.88,5.36,282.2,14.1,5.19,0,28.57
2015,143,36.86,6.14,271.6,11.25,4.26,0,26.9
2015,144,37.17,4.16,249.7,11.8,4.46,0.04,25.86
2015,145,37.44,4.57,244.6,10.58,3.94,0,25.01
2015,146,36.42,7.12,258.8,10.53,3.79,0,26.79
2015,147,35.32,5.13,295.4,6.79,2.22,0.28,30.25
2015,148,35.25,3.64,282.4,8.77,2.9,0,26.19
2015,149,36.64,3.98,285.9,18.99,6.68,0.04,25.58
2015,150,36.9,4.25,281.8,18.95,7.09,0,27.41
2015,151,36.31,3.35,286.2,18.99,7.16,0,24.38
2015,152,35.92,5.19,257,17.19,6.17,0.33,16.41
2015,153,34.27,2.7,217,27.65,8.81,1.16,24.41
2015,154,34.81,1.94,243.3,22.72,7.6,0.31,21.2
2015,155,34.99,3.17,267.3,22.67,7.9,0.11,25.86
2015,156,35,3.49,275.4,24.65,8.14,0.51,27.09
2015,157,35.28,4.13,293,23.36,8.12,0,26.81
2015,158,36.41,4.6,282.3,20.32,7.55,0,27.36
2015,159,37.98,4.84,288.3,16.33,6.43,0,27.42
2015,160,38.92,6.39,278.4,17.34,7.35,0,20.22
2015,161,36.84,6.58,281.8,29.66,11.53,0,23.35
2015,162,37.82,6.22,274.4,25.8,10.38,0.13,23.92
2015,163,37.52,5.5,272.1,29.24,11.44,0,25.66
2015,164,35.46,3.83,241.9,36.04,12.98,11.69,19.52
2015,165,32.48,3.63,250,45.19,13.72,6.73,12.94
2015,166,33.75,2.53,232.5,42.67,13.7,0,20.45
2015,167,34.3,2.83,244.9,38.91,12.88,0.02,24.57
2015,168,35.17,4.02,270.2,33.24,11.42,0,24.35
2015,169,36.02,2.28,226.7,30.03,10.91,0.63,24.47
2015,170,37.16,2.6,158.5,26.45,10.08,0.14,21.42
2015,171,36.39,3.77,127.6,35.77,13.55,2.64,21.6
2015,172,35.23,2.24,142.9,42.36,15.35,8.84,18.84
2015,173,35.52,1.38,171.9,40.2,14.56,0.27,22.92
2015,174,36.06,2.37,246.3,38.16,14.11,2.69,23.98
2015,175,34.07,3.32,274,39,12.97,1.85,18.63
2015,176,28.59,2.79,354.3,69.97,17.67,36.34,8.8
2015,177,32.12,5.08,280.8,45.14,12.76,0,25.17
2015,178,33.08,5.14,280.5,49.93,15.23,0.44,23.9
2015,179,34.18,4.47,270.3,44.02,14.14,0.02,24.31
2015,180,33.38,5.06,174.5,48.24,15.14,8.32,19.52
2015,181,31.94,1.88,216.2,58.49,17.02,24.4,20.59
2015,182,32.76,1.92,263.7,52.64,15.98,2.96,23.79
2015,183,32.94,2.38,283.2,48.55,15.12,0.33,23.22
2015,184,34.27,4.41,284.7,46.53,15.46,1.19,23.12
2015,185,34.82,5.3,275.4,46.22,16,0.8,22.06
2015,186,34.81,4.69,271.9,50.18,17.2,7.17,20.61
2015,187,31.77,3.75,260.9,66.68,19.9,29.84,10.33
2015,188,31.36,1.46,277.5,64.27,18.84,15.31,16.78
2015,189,31.75,1.53,255.1,61.31,18.25,4.49,20.69
2015,190,31.38,2.62,238.4,62,18.14,3.42,14.22
2015,191,28.95,2.54,133.4,76.28,19.65,38.32,4.67
2015,192,28.04,2.33,89.9,83.71,20.37,98.39,4.99
2015,193,28.15,5.78,78.9,84.37,20.75,14.43,5.7
2015,194,28.71,1.45,255.8,81.7,20.57,6.3,23.6
2015,195,29.31,3.57,283.9,77.33,20.1,0.86,24.3
2015,196,29.87,5.8,279.2,73.53,19.77,1.26,24.6
2015,197,30.14,4.26,253.7,72.46,19.87,0.82,19.61
2015,198,29.85,2.42,194.6,75.66,20.35,5.77,17.64
2015,199,30.05,1.96,252,76.53,20.76,2.8,12.45
2015,200,29.54,1.6,254.5,77.21,20.42,1.77,18.43
2015,201,29.61,1.25,225,75.09,19.9,2.58,12.77
2015,202,30.26,1.43,160.5,75.83,20.75,2.91,20.67
2015,203,29.55,2.61,169.7,80.19,21.14,2.92,22.07
2015,204,29.45,2.85,137,81.13,21.25,0.25,22.09
2015,205,29.62,2.35,146.6,77.45,20.44,0.4,19.4
2015,206,29.41,2.22,121.7,77.17,20.28,11.65,22.15
2015,207,28.7,4.23,112.3,80.82,20.31,2.77,19.66
2015,208,28.61,4.78,132.5,80.91,20.2,2.74,22.46
2015,209,28.38,3.29,162.1,74.94,18.25,0.58,22.29
2015,210,28.2,4.97,140.4,76.84,18.75,0.01,14.91
2015,211,29.49,3.19,183.8,73.85,19.31,0.12,15.24
2015,212,28.92,3.14,225.3,76.75,19.49,9.28,14.19
2015,213,28.79,2.98,200.5,76.9,19.32,4.3,13.5
2015,214,28.58,1.54,209.5,74.82,18.45,3.31,19.99
2015,215,27.98,2.1,276.4,78.59,18.9,0.01,23.7
2015,216,30.7,1.92,257,66.18,18.44,0.05,20.12
2015,217,31.38,2.56,212.4,66.87,19.53,4.81,15.71
2015,218,30.96,3.27,198.2,69.37,19.82,8.52,13.18
2015,219,29.45,2.76,171,78.37,20.62,14.09,11.27
2015,220,29.1,2.88,223.1,80.79,20.79,30.37,7.05
2015,221,28.28,2.93,214.3,82.85,20.46,20.47,11.25
2015,222,29.84,1.43,265.8,73.58,19.54,6.63,15.92
2015,223,29.51,1.46,181.4,77.17,20.22,11.81,8.96
2015,224,29.23,2.09,187.2,80.37,20.75,4.88,20.99
2015,225,30.06,1.05,189,72.38,19.67,3.08,20.21
2015,226,30.28,1.59,237.6,76.21,21.05,1.31,11.75
2015,227,29.72,1.97,232.2,80.5,21.54,14.18,11
2015,228,28.77,1.98,266.4,83.49,21.08,7.47,16.83
2015,229,29.11,2.62,265.1,79.28,20.39,5.12,18.43
2015,230,29.38,3.46,270.8,78.02,20.38,7.32,19.81
2015,231,28.76,4.22,266.8,77.43,19.51,2.07,22.62
2015,232,27.95,4.37,264.3,80.06,19.32,17.37,20.51
2015,233,27.98,3.58,261.6,78.75,19.03,6.64,16.74
2015,234,27.99,3.43,267.6,76.87,18.54,13.49,20.28
2015,235,27.67,2.86,264.5,81.98,19.46,30.72,20.03
2015,236,27.63,3.84,269.4,81.29,19.18,4.24,22.55
2015,237,27.78,4.68,279.6,77.07,18.28,0,24.26
2015,238,27.78,3.79,278.4,76.85,18.31,0.18,22.43
2015,239,28.43,2.58,273.9,73.78,18.16,8.61,22.74
2015,240,28.59,3.11,273.9,74.49,18.42,0.39,20.28
2015,241,28.76,3.25,290,75.68,18.94,2.03,23.18
2015,242,28.45,4.05,284.5,74.92,18.51,0,22.19
2015,243,27.51,4.35,283,71.49,16.58,3,23.21
2015,244,27.4,4.78,279,67.86,15.64,0.07,23.93
2015,245,27.19,4.2,276.8,64.94,14.62,0.15,21.66
2015,246,27.33,3.74,280.1,65.05,14.71,3.1,21.59
2015,247,27.01,3.74,287.2,60.4,13.16,0.08,22.78
2015,248,26.74,4.38,286.5,58.47,12.63,0,24.05
2015,249,27.24,4.19,294.5,58.2,12.97,0,23.64
2015,250,27.66,4.12,290.7,57.84,13.16,0,23.47
2015,251,27.83,4.57,294.6,57.58,13.19,0,23.26
2015,252,28.32,4.57,294.9,54.03,12.88,0,23.49
2015,253,27.94,3.91,303.6,53.3,12.19,0,23.5
2015,254,28.1,3.41,312.6,52.54,12.16,0,22.71
2015,255,29.49,2.12,322.2,47.36,11.89,0.02,19.5
2015,256,30.01,1.64,300.4,45.64,11.97,0.01,19.93
2015,257,30.34,2.14,277.5,44.85,11.89,0.35,20.3
2015,258,30.75,1.74,232.9,42.68,11.48,0,20.16
2015,259,30.32,1.12,182.6,45.63,12.16,1.6,18.44
2015,260,30.81,1.78,11.8,46.77,12.92,0,17.71
2015,261,29.21,2.9,58.2,56.55,14.36,8.28,15.68
2015,262,29.03,3.16,42.2,69.25,17.44,6.89,17.84
2015,263,30.02,2.12,135.2,68.38,18.44,20.18,18.79
2015,264,30.22,1.79,191.4,64.37,17.41,2.41,18.68
2015,265,29.53,3.63,179.9,66.56,17.33,6.28,19.63
2015,266,27.08,3.72,287.5,67.94,15.17,0.57,18.55
2015,267,26.23,4.81,287.6,54.79,11.32,0,21.89
2015,268,26.15,3.71,276.7,50.08,10.35,0,21.65
2015,269,27.55,2.89,272.6,48.4,10.98,0.03,20.95
2015,270,27.94,2.63,289.7,49.55,11.53,0.02,19.8
2015,271,27.14,2.97,308.9,50.82,11.01,0.01,20.87
2015,272,26.61,3.18,313.9,48.47,9.99,0,21.12
2015,273,26.47,4.32,310.6,48.06,9.86,0,21.58
2015,274,26.65,2.77,306.6,43.35,8.88,0,21.19
2015,275,26.52,2.92,295.5,43.64,8.82,0,21.62
2015,276,27.27,3.32,283.5,39.79,8.45,0,21.2
2015,277,27.48,1.29,302.1,38.82,8.46,0,20.98
2015,278,28.61,1.68,23.7,40.7,9.44,0,20.45
2015,279,27.61,2.99,314.2,43.6,9.76,0,19.25
2015,280,27.31,3.23,314.1,47.85,10.36,0,18.31
2015,281,27.32,3.61,309.8,47.24,10.2,0,18.93
2015,282,27.87,3.73,291,41.58,9.17,0,20.38
2015,283,28.04,3.64,279.3,37.99,8.6,0,20.84
2015,284,28.64,3.05,270.8,38.78,9.26,0,20.15
2015,285,28.76,2.07,250.9,43.94,10.76,0,19.24
2015,286,27.93,2.2,179.1,49.07,11.37,2.11,16.73
2015,287,26.69,2.46,179,52.28,11.17,1.96,14.95
2015,288,26.62,1.88,2.2,52.31,11,0.33,15.7
2015,289,27.12,2.1,255.4,45.69,9.76,0.01,16.55
2015,290,26.76,2.37,290.2,45.81,9.8,0.05,16.17
2015,291,27.85,2,273.8,40.92,9.28,0,15.73
2015,292,28.21,2.64,275,38.08,8.84,0,15.71
2015,293,27.56,3.02,287.8,40.59,9.02,0,15.75
2015,294,24.94,2.94,304.9,44.8,8.46,0.14,15.54
2015,295,23.23,3,299.7,37.59,6.16,0,16.67
2015,296,23.24,3.75,291.8,35.2,5.8,0,18.11
2015,297,25.33,2.2,292.7,31.87,6.01,0,16.88
2015,298,25.18,2.56,115.6,32.11,6.1,0,16.17
2015,299,24.2,2.19,32.4,38.71,6.91,0.2,14.43
2015,300,22.93,2.57,311.4,45.29,7.54,1.04,14.15
2015,301,18.48,3.89,326.1,64.27,8.58,2.46,10.66
2015,302,20.86,2.29,275.2,55.41,7.97,0,14.96
2015,303,21.2,2.64,304,50.11,7.45,0.87,15.81
2015,304,22.22,1.89,309.9,41.64,6.69,0,14.72
2015,305,22.68,1.15,314.5,41.24,6.87,0,14.98
2015,306,22.88,1.47,296.9,44.04,7.47,0,14.62
2015,307,23.27,2.02,311.8,45.14,7.88,0,12.39
2015,308,24.02,1.37,236.6,42.14,7.74,0,13.31
2015,309,24.62,2.1,190.4,42.44,8.1,1.12,8.3
2015,310,23.38,2.02,270.2,41.19,7.19,0,13.07
2015,311,21.93,1.28,323.8,41.18,6.68,0,11.81
2015,312,21.98,1.51,348.5,45.04,7.36,0.04,11.03
2015,313,23.25,1.89,2.5,44.22,7.63,0,11.77
2015,314,22.86,2.67,312.9,46.44,7.92,0,10.89
2015,315,21.87,4.86,307.8,40.72,6.34,0,12.56
2015,316,21.34,4.33,294.4,44.43,6.68,0,14.1
2015,317,22.22,4.44,292.9,43.81,7.11,0,12.42
2015,318,22.9,4.06,300.9,50.91,8.62,0,11.66
2015,319,22.85,2.5,300.7,39.5,6.64,0,12.18
2015,320,21.47,3.88,312,40.51,6.32,0.01,12.18
2015,321,19.13,3.83,292.1,29.33,3.73,0,15.61
2015,322,18.45,3.18,290.6,31.8,3.94,0,15.62
2015,323,18.59,2.27,309.7,32.18,4.03,0,13.67
2015,324,19.31,1.64,317.1,32.96,4.4,0,13.15
2015,325,19.57,2.04,296.5,37.52,5.12,0,12.86
2015,326,19.4,2.39,301.6,34.07,4.55,0,11.93
2015,327,19.07,2.01,308.8,33.84,4.38,0,11.42
2015,328,19.21,3.56,309.9,33.95,4.42,0,12.03
2015,329,19.77,5.27,303.8,29.51,3.99,0,12.58
2015,330,20.46,3.06,243.4,34.45,5.24,0.27,10.23
2015,331,21.02,2.32,85.5,55.04,8.29,0.26,9.77
2015,332,20.33,4.02,115.8,51.28,7.31,0.04,8.17
2015,333,19.21,2.33,146.8,39.89,5.21,0,9.37
2015,334,19.95,1.98,323.5,40.99,5.58,0,10.02
2015,335,19.85,2.25,314.8,42.65,5.83,0,8.47
2015,336,18.14,2.7,305,43.15,5.55,0.47,7.87
2015,337,18.25,4.76,292.2,41.74,5.24,0,10.57
2015,338,17.54,3.93,286.9,35.06,4.17,0,13.06
2015,339,18.22,2.25,279.8,29.38,3.65,0,13.5
2015,340,18.42,1.36,220.4,25.53,3.24,0,11.42
2015,341,19.29,1.81,178.6,26.2,3.57,0,11.11
2015,342,19.29,1.52,251.4,28.06,3.76,0,12.02
2015,343,17.83,2.45,131.2,32.25,3.97,0,7.83
2015,344,18.75,2.48,143.4,33.06,4.26,0,10.06
2015,345,17.92,2.3,269.1,38.46,5.01,0.4,8.26
2015,346,15.19,3.11,296.1,36.26,3.93,0.01,7.62
2015,347,13.82,2.74,294.5,30.08,2.93,0,12.24
2015,348,13.26,4.3,299.9,28.67,2.59,0,12.93
2015,349,12.77,4.59,290.9,23.45,2.09,0,13.08
2015,350,15.04,1.4,277.6,19.63,1.92,0,12.85
2015,351,14.33,2.05,23,20.29,1.97,0,10.56
2015,352,12.66,4.46,298.3,24.87,2.15,0,10.97
2015,353,13.34,3.58,290.7,22.8,2.02,0,12.29
2015,354,13.44,1.54,305.2,24.62,2.26,0,10.81
2015,355,12.57,2.28,316.9,29.93,2.56,0,10.27
2015,356,13.02,1.67,343.9,32.7,2.91,0,8.83
2015,357,11.99,2.86,307.3,29.54,2.4,0,8.66
2015,358,11.99,4.82,300.1,30.42,2.51,0,11.3
2015,359,10.86,3.93,291.5,22.6,1.68,0,13.59
2015,360,14.13,5.06,292.4,16.98,1.52,0,13.04
2015,361,15.84,4.59,293.4,20.76,2.29,0,11.92
2015,362,17.32,4.75,294.6,34.02,4.07,0,12.3
2015,363,17.02,5.44,292.1,32.91,3.71,0,12.76
2015,364,16,2.97,305.7,28.33,2.94,0,13.21
2015,365,15.15,2.29,315.4,30.54,2.94,0,11.32
2016,1,15.59,2.49,316.7,23.98,2.5,0,12.91
2016,2,15.05,3.26,297.7,20.78,2.11,0,10.55
2016,3,14.97,4.12,291.8,21.05,2.17,0,12.19
2016,4,16.37,1.32,327.3,27.6,3.12,0,9.81
2016,5,19.67,1.83,311.2,25.92,3.65,0,11.48
2016,6,18.54,2.1,92.2,34.73,4.42,0,10.11
2016,7,18.5,1.54,323.8,36.08,4.63,0,9.83
2016,8,17.55,4.76,290.3,38.09,4.62,0,8.19
2016,9,15.06,4.9,287.4,37.7,3.77,0,13.81
2016,10,15.58,2.77,288.9,34.9,3.65,0,13.62
2016,11,17.05,1.47,282.6,34.14,3.99,0,13.47
2016,12,17.07,2.5,153.7,31.28,3.6,0,13.12
2016,13,15.69,2.02,236.8,35.88,3.92,0,9.4
2016,14,14.18,2.15,286.2,37.54,3.67,0,6.68
2016,15,13.26,3.02,301.8,43.09,3.8,0,5.1
2016,16,13.1,4.43,292.3,44.03,3.91,0,9.35
2016,17,13.32,1.73,270.1,34.92,3.15,0,8.43
2016,18,13.37,2.1,296.1,32.3,2.88,0,9.23
2016,19,13.08,2.18,299.3,28.08,2.55,0,6.39
2016,20,11.51,2.98,284.3,36.69,3,0,6.74
2016,21,11.43,3.61,289.3,28.23,2.13,0,10.94
2016,22,12.66,2.48,276.2,20.7,1.75,0,11.66
2016,23,13.67,2.79,305.3,20.03,1.87,0,14.03
2016,24,12.2,2.64,303.9,23.02,1.93,0,10.48
2016,25,11.43,2.5,306.9,20.58,1.58,0,11.13
2016,26,15.35,1.28,293.5,16.3,1.65,0,10.09
2016,27,15.61,1.86,295.1,19.78,2.14,0,12.14
2016,28,16,4.32,292.2,28.69,3.1,0,12.12
2016,29,18.58,1.9,245.8,30.44,3.86,0.02,10.79
2016,30,19.74,1.91,302.6,36.46,5.19,0.14,12.73
2016,31,17.78,3.93,300.5,36.94,4.57,0,8.27
2016,32,15,3.47,304.3,26.39,2.42,0,14.25
2016,33,13.43,2.93,295,26.04,2.33,0,16.66
2016,34,14.03,4.68,296.4,28.68,2.61,0,16.7
2016,35,14.57,3.59,294.2,25.49,2.44,0,16.9
2016,36,15.41,2.42,292.6,22.9,2.28,0,16.27
2016,37,17.06,2.53,148.9,19.21,2.18,0,15.1
2016,38,15.76,2.64,47.5,36.55,3.86,2.56,9.67
2016,39,15.56,2.81,319.5,55.21,5.58,0.01,14.75
2016,40,16.27,2.7,296.6,46.87,5.02,0,15.8
2016,41,17.26,2.22,266.2,32.93,3.65,0,14.96
2016,42,16.69,4.74,172.2,24.62,2.85,0,15.12
2016,43,15.66,2.15,322.5,16.2,1.63,0,15.43
2016,44,16.81,1.94,1.4,21.38,2.5,0,13.17
2016,45,15.81,2.52,302.4,31.41,3.21,0.33,15.97
2016,46,14.73,2.17,298.4,26.49,2.51,0,13.43
2016,47,15.75,2.63,303.2,23.81,2.42,0,15.17
2016,48,18.86,2.32,319.6,22.56,2.94,0.07,13.18
2016,49,22.02,3.21,311.2,30.41,5.02,0.2,6.9
2016,50,23.43,2.3,324.2,33.33,5.84,0.02,12.07
2016,51,22.43,2.91,292.1,44.54,7.44,2.93,12.07
2016,52,20.04,5.75,293.7,39.77,5.22,0,19.39
2016,53,19.34,6.01,288.2,24.02,2.86,0,20.69
2016,54,19.09,3.7,273.6,19.53,2.31,0,20.64
2016,55,21.14,1.41,233.2,16.53,2.35,0,20.1
2016,56,21.67,1.75,152,16.27,2.44,0,19.73
2016,57,21.84,2.45,126.5,17.09,2.61,0,17.8
2016,58,21.66,1.45,251.1,16.16,2.49,0,17.15
2016,59,22.66,1.23,229.1,15.5,2.56,0,16.38
2016,60,22.83,1.42,316.1,16.2,2.67,0,16.64
2016,61,22.83,2.71,294.2,16.93,2.74,0,17.15
2016,62,24.37,2.43,291,18.21,3.29,0,17.61
2016,63,24.5,4.09,283.4,22.27,4.04,0,17.54
2016,64,25.03,3.75,304.5,25.13,4.67,0,18.26
2016,65,24.42,4.35,324.5,28.57,5.11,1.17,15.2
2016,66,24.63,2.79,112.1,35.17,6.18,0.39,15.56
2016,67,23.21,2.7,294.4,40.12,6.6,0.33,18.66
2016,68,23.07,3.36,283,34.9,5.87,0,17.92
2016,69,22.49,3.18,285.7,34.16,5.45,0,20.56
2016,70,24.64,4.23,291.6,34.43,6.27,0,20.12
2016,71,26.4,3.24,217.4,38.21,7.7,3.29,15.41
2016,72,25.35,4.05,125.4,49.77,9.33,16.54,18.34
2016,73,22.54,3.85,126,54.63,9,0.78,20.21
2016,74,22.47,2.52,345.3,43.62,7.12,1.07,16.68
2016,75,20.72,3.71,294.5,40.24,5.75,0,20.01
2016,76,21.12,4.7,293.1,35.03,4.92,0,22.06
2016,77,23.13,2.71,247.8,39.72,6.6,0.75,17.61
2016,78,25.91,3.77,119.3,36.8,7.24,0.1,18.7
2016,79,27.07,1.52,253,32.98,7.08,0.65,17.58
2016,80,26.54,2.74,290.6,33.53,7.06,0.56,21.56
2016,81,23.59,6.32,310.5,29.4,4.78,0.01,23.33
2016,82,22.5,6.87,296.8,22.71,3.32,0,25.92
2016,83,23.43,4.54,292.7,24.88,3.82,0,25.05
2016,84,26.35,1.88,313.5,24.44,4.82,0,23.33
2016,85,27.29,1.76,304.1,24.57,5.1,0,22.08
2016,86,25.02,4.17,301.7,39,7.29,0,14.19
2016,87,24.82,2.99,295.8,29.5,5.43,0.01,22.11
2016,88,24.58,3.6,291.5,25.6,4.44,0,24.63
2016,89,26.06,3.7,292.2,23.71,4.66,0,23.4
2016,90,27.69,3.39,306.4,23.8,5.14,0,20.75
2016,91,29.18,3.03,298.9,19.01,4.41,0,23.06
2016,92,29.86,5.39,300.7,23.3,5.72,0,23.72
2016,93,31.58,4,292,25.45,6.88,0,22.38
2016,94,32.96,2.57,286.3,25.8,7.93,0,19.9
2016,95,30.97,2.36,281.2,22.08,5.82,0,21.35
2016,96,30.17,4.94,313.6,28.32,7.43,0,20.2
2016,97,29.55,4.62,324.3,26.81,6.87,0.14,21.66
2016,98,30.14,3.93,286.9,24.59,6.41,0,24.27
2016,99,28.43,3,314,20.22,4.37,0.15,25.69
2016,100,30.12,3.19,323.4,18.43,4.75,0,25.49
2016,101,30.26,4.03,313.2,22.72,5.87,0,19.13
2016,102,29.38,5.21,302.7,24.09,6.02,0,24.91
2016,103,28.99,5.85,292.1,24.45,5.77,0,26.88
2016,104,30.3,6.4,292.5,20.69,5.1,0,27.42
2016,105,31.61,5.76,291.2,18.32,5.01,0,26.35
2016,106,33.03,5.49,293,18.08,5.36,0,23.72
2016,107,34,4.65,283.8,18.91,6.04,0,24.65
2016,108,34.54,2.78,251.2,20.62,6.92,0,20.86
2016,109,34.18,3.73,281.7,26.59,8.7,0.01,22.58
2016,110,33.89,3.19,270.4,25.8,8.54,0.19,20.02
2016,111,33.9,5.35,290.1,19.62,6.23,0,24.93
2016,112,32.98,7.05,293.4,17.3,5,0,26.93
2016,113,33.98,3.78,282.5,18.13,5.84,0,24.94
2016,114,30.84,4.76,293,17,4.44,0.37,27.63
2016,115,30.35,5.18,309.5,10.57,2.64,0,28.15
2016,116,31.15,5.03,312.2,10.27,2.66,0,26.96
2016,117,32.29,3.26,305,9.07,2.6,0,23.73
2016,118,32.85,3.88,295.7,10,2.99,0,21.55
2016,119,32.95,5.17,297,13.16,3.79,0,24.9
2016,120,33.17,4.45,292.9,11.13,3.53,0,25.23
2016,121,32.56,4.03,291.7,8.87,2.6,0,25.72
2016,122,33.88,5.05,286.2,8.92,2.78,0,27.54
2016,123,35.44,3.31,273,10.67,3.59,0,26.42
2016,124,34.83,4.37,303.1,23.37,8,0.59,17.7
2016,125,33.55,5.52,156,30.57,9.45,6.05,20.31
2016,126,32.46,4.32,128.5,30.51,9.15,4.48,21.8
2016,127,31.09,3.34,226.9,38.26,10.24,0.53,20.16
2016,128,31.63,2.35,192.2,31.85,9.04,0.01,22.41
2016,129,33.03,3.01,152.3,29.14,8.87,0,23.16
2016,130,34.46,3.48,152.4,28.26,9.47,0.02,19.7
2016,131,34.69,2.69,153.1,28.97,9.81,0.13,22.84
2016,132,34.15,2.74,344.4,30.62,10.03,2.6,24.03
2016,133,34.67,3.92,304.1,28.78,9.66,0,25.21
2016,134,36.17,3.21,279.6,23.54,8.44,0.03,25.38
2016,135,36.53,3.22,288.4,18.5,6.59,0,25.88
2016,136,36.75,4.11,305.9,20.48,7.51,0,25.6
2016,137,36.61,4.52,295.7,16.69,6.01,0,26.79
2016,138,36.95,5.13,302.9,15.01,5.54,0,28.58
2016,139,37.78,3.97,299.7,13.48,5.19,0,28.74
2016,140,38.49,4.97,139.8,13.29,5.55,0,27.56
2016,141,38.01,4.5,163.9,15.24,6.13,0,25.74
2016,142,38.51,3.81,226.6,15.27,6.13,2.25,25.8
2016,143,38.92,3.81,233.1,20.65,8.58,0.01,25.88
2016,144,37.32,2.96,207.9,28.64,11.38,3.34,19.52
2016,145,34.46,4.41,178,40.35,13.95,7.04,21.74
2016,146,33.88,4.6,296.5,33.42,10.52,0,21.63
2016,147,35.08,3.78,249.1,29.44,9.89,1.07,23.4
2016,148,37.39,6.14,284.2,25.95,9.88,0,23.71
2016,149,36.72,4.68,279.8,27,10.17,0.1,23.38
2016,150,34.05,3.01,208.7,39.99,13.41,15.53,22.03
2016,151,32.18,3.44,203.2,46.33,13.72,2.82,15.11
2016,152,33.65,4.41,274.1,38.14,11.78,0,23.35
2016,153,35.35,4.53,278.5,36.83,12.81,0,25.17
2016,154,36.33,5.51,288.7,28.61,10.56,0,25.41
2016,155,36.25,3.93,299.5,27.27,9.64,0.05,26.18
2016,156,37.28,2.67,290.1,25.95,10.04,0.2,25.81
2016,157,38.28,1.53,182.4,23.6,9.52,0.04,24.68
2016,158,37.19,3.53,138.1,26.44,10.33,2.13,21.98
2016,159,35.08,2.6,109.4,32.25,10.75,4.64,25.46
2016,160,36.79,3.4,158.7,25.32,9.05,0.09,25.22
2016,161,37.86,3.65,194.7,21.91,8.78,0.22,24.26
2016,162,38.95,4.4,245.8,22.81,9.8,0.11,24.15
2016,163,37.98,5.03,281.9,28.17,11.67,0.86,22.43
2016,164,37.87,4.97,276.9,31.65,12.85,0.01,23.31
2016,165,37.45,6.96,273.1,36.34,14.48,0.91,22.56
2016,166,35.78,5.9,273.1,39.51,14.34,0.67,19
2016,167,35.43,3.87,256.8,41.77,15.2,11.26,19.67
2016,168,33.54,3.32,141.2,51.12,16.3,12.4,23.53
2016,169,35.62,2.6,165.3,36.61,13.02,0.07,22.67
2016,170,36.02,3.41,145.4,33.59,12.29,0.09,23.07
2016,171,35.9,3.63,149.4,42.12,15.67,0.22,21.2
2016,172,36.3,2.7,144.4,41.89,15.91,1.42,12.25
2016,173,35.3,3.17,165.4,46.39,16.59,1.46,19.02
2016,174,34.68,2.85,182.7,45.37,15.75,0.97,21.28
2016,175,35.65,2.92,235.6,44.31,16.09,0.06,18.16
2016,176,37.2,3.4,284.7,33.94,13.24,0,22.13
2016,177,36.89,2.51,135.2,32.35,12.53,0.63,21.24
2016,178,35.56,2.5,137.3,42.48,15.59,3.5,19.46
2016,179,35.18,2.47,151.7,49.13,17.58,6.59,17.27
2016,180,33.76,2.85,159.9,55.91,18.67,10.3,15.02
2016,181,35.44,2.28,141.8,48.01,17.28,1.48,24.19
2016,182,36.53,3.38,245.5,43.83,16.82,1.95,22.68
2016,183,34.98,2.74,241.9,54.55,19.5,15.71,17
2016,184,32.93,2.67,237.4,62.84,19.72,12.6,10.5
2016,185,31.92,1.45,176.9,59.86,17.99,9.86,11.51
2016,186,30.2,1.71,295.9,70.16,19.31,22.06,15.88
2016,187,34.07,3.43,274.1,54.87,18.17,0.26,20.26
2016,188,35.69,2.91,277.4,50.38,18.45,1.05,18.24
2016,189,34.93,2.65,218.2,49.08,16.95,0.69,20.33
2016,190,35.36,1.84,256.7,46.49,16.68,1.09,11.35
2016,191,34.44,2.25,167.4,50.74,17.25,2.49,19.62
2016,192,34.03,2.36,210,52.72,17.53,3.7,18.48
2016,193,33.65,3.72,169.6,53.65,17.39,1.01,14.43
2016,194,32.08,3.18,139.5,62,18.82,0.91,16.79
2016,195,32.21,3.21,140.7,62.47,19.28,3.46,18.85
2016,196,30.63,1.45,213.4,69.83,19.74,8.15,16.71
2016,197,31.84,2.66,247.4,65.49,19.48,7.55,14.14
2016,198,30.27,2.2,252.5,75.86,20.9,23.3,5.71
2016,199,28.13,2.2,286.3,85.8,21.02,88.19,7.98
2016,200,28.68,3.74,269,81.96,20.6,7.6,16.21
2016,201,29.78,4.34,267.3,75.53,20.12,0.03,23.52
2016,202,30.57,4.26,266.5,69.81,19.24,0,23.49
2016,203,30.91,3.67,256.2,70.44,19.89,4.63,22.51
2016,204,28.73,2.61,200.6,81.44,20.63,25.04,20.44
2016,205,29.58,2.84,186.2,78.75,20.68,4.06,19.21
2016,206,28.96,2.01,195.5,78.95,20.02,2.92,16.55
2016,207,30.19,1.52,228.4,74.01,20.06,1.96,15.56
2016,208,29.1,2.94,175.6,81.67,20.97,1.94,13.63
2016,209,27.77,3.64,123.2,86.33,20.57,3.84,9.24
2016,210,27.72,0.89,110.5,83.54,19.87,21.11,15.09
2016,211,28.36,1.98,300.1,83.43,20.66,31.65,8.74
2016,212,27.45,1.42,218.2,86.92,20.48,16.22,11.8
2016,213,28.28,1.49,57.7,83.55,20.49,6.12,12.04
2016,214,28.13,3.69,117.3,88.4,21.67,8.38,13.72
2016,215,28.1,3.67,119.3,83.1,20.21,2.66,18.48
2016,216,29.13,2.48,96.3,79.66,20.6,0.86,24.55
2016,217,29.53,2.32,126.6,78.72,20.76,0.3,24.43
2016,218,30.13,1.45,113.8,78.75,21.56,8.27,24.13
2016,219,29.8,2.52,120.5,78.9,21.29,7.82,12.41
2016,220,29.39,2.4,118.2,80.92,21.25,1.94,23.49
2016,221,29.44,2.74,101.8,81.12,21.32,0.67,21.5
2016,222,28.76,2.89,111.9,85.63,21.74,4.5,16.71
2016,223,27.88,4.36,113.6,88.11,21.28,10.68,15.79
2016,224,27.9,3.09,128.1,88.39,21.33,11.69,10.19
2016,225,28.26,2.18,304,83.08,20.34,12.96,13.32
2016,226,28.78,2.02,266.3,80.84,20.4,3.6,13.96
2016,227,28.68,1.99,263.7,79.71,20.05,2.2,12.62
2016,228,29.05,3.49,272.4,75.64,19.35,0.93,21.01
2016,229,28.97,3.62,280,76.12,19.49,0.12,22.29
2016,230,28.43,2.73,302.7,77.46,19.17,6.28,12.35
2016,231,28.68,1.49,329,80.13,20.17,4.36,13.59
2016,232,29.46,1.84,260.3,75.67,19.87,0.33,18.75
2016,233,28.99,3.31,106.8,81.61,20.91,0.16,21.96
2016,234,28.66,2.77,123.3,82.79,20.74,0.03,22.86
2016,235,28.86,1.94,148.8,79.6,20.07,0.68,22.04
2016,236,29.27,1.06,143.1,78.5,20.23,0.28,15.92
2016,237,27.79,5.09,105.7,84.67,20.22,3.52,13.19
2016,238,29.27,1.99,156.6,78.37,20.18,0.51,19.28
2016,239,29.44,1.93,134.1,76.82,20.03,1.16,17.49
2016,240,29.16,3.58,113.7,77.96,19.99,1.94,21.21
2016,241,28.54,1.94,118.4,78.95,19.59,0.08,18.63
2016,242,28.98,1.82,282.4,76.11,19.27,10.65,14.45
2016,243,28.57,1.25,226.1,78.2,19.46,9.41,14.28
2016,244,27.48,2.56,112.9,87.83,20.68,17.18,9.22
2016,245,27.94,2.03,191.2,84.76,20.41,23.17,10.01
2016,246,27.53,3.74,289.3,76.05,17.76,0.13,19.63
2016,247,27.02,4.43,279.1,73.94,16.69,0,23.13
2016,248,26.92,3.78,267.4,73.67,16.46,0.12,22.73
2016,249,27.3,3.82,266.9,74.18,16.88,0.89,21.61
2016,250,27.53,4.43,273,72.07,16.66,0,20.98
2016,251,27.48,4.39,280.6,70,16.11,0,21.23
2016,252,28.07,4.27,281.6,68.12,16.27,0,20.48
2016,253,28.34,4.29,276.9,62.58,15.02,0.11,21.57
2016,254,28.37,4.14,275.8,62.35,15.15,0,22
2016,255,28.52,3.75,274.9,61.81,15.06,0.18,21.93
2016,256,28.82,3.88,282,59.87,14.76,0.7,20.64
2016,257,29.04,2.2,287.5,60.77,15.22,0.03,18.39
2016,258,29.65,1.46,329.9,60.48,15.69,1.01,18.55
2016,259,29.36,2.16,293.9,57.36,14.55,0.21,19.91
2016,260,29.6,2.18,294.5,51.01,12.94,0.01,20.29
2016,261,30.08,1.44,287.3,47.74,12.63,0.01,19.48
2016,262,29.9,1.04,199.5,50.09,13.2,0.14,19.16
2016,263,30.11,1.93,264.4,53.63,14.4,0.31,19.86
2016,264,31.21,0.95,265.6,51.5,14.51,0.19,20.01
2016,265,30.91,1.74,146.4,55.87,15.52,7.54,18.09
2016,266,28.29,2.09,170.3,72.29,17.36,10.8,14.99
2016,267,29.11,1.6,252.8,58.73,14.57,0.24,19.12
2016,268,28.99,1.72,174.4,57.31,14.15,0.01,18.35
2016,269,29.27,1.65,270,53.49,13.42,0.01,18.7
2016,270,29.12,1.78,258.7,52.71,13.31,3.23,17.95
2016,271,28.58,2.03,234.8,57.06,13.58,0.64,17.39
2016,272,29.68,1.52,247.3,47.39,12.17,0,17.74
2016,273,29.61,1.98,147,50.49,13.08,0,16.48
2016,274,30.19,1.59,301.9,48.77,13.03,0,17.88
2016,275,30.64,1.92,313.6,47.8,13.17,0,18.35
2016,276,31.25,1.28,81.5,48.48,13.7,0,17.32
2016,277,30.64,1.71,275.1,54.81,14.87,0.01,16.81
2016,278,30.41,1.39,272.8,52.94,14.39,2.43,12.26
2016,279,28.87,1.86,302,54.53,13.42,0.21,8.85
2016,280,28.53,1.55,297.8,55.91,13.43,0.63,10.91
2016,281,28.45,3.49,305.2,50.11,11.76,0.08,15.46
2016,282,28.26,2.52,301.7,44.65,10.21,0,16.82
2016,283,27.87,2.1,297.1,41.23,9.28,0.01,18.25
2016,284,27.31,2.62,299.3,42.09,9.2,0,15.95
2016,285,26.32,4.12,295.4,38.73,7.79,0,19.36
2016,286,25.46,3.66,290.1,33.23,6.26,0,19.49
2016,287,25.24,4.34,294.9,31.51,5.72,0,20.18
2016,288,24.79,3.58,295,34.64,6.31,0,19.81
2016,289,24.9,3.55,294.1,32.97,5.93,0,18.6
2016,290,25.06,3.35,300.1,33.18,6.15,0,17.72
2016,291,25.21,3.06,293.7,34.76,6.52,0,17.66
2016,292,24.73,2.73,303.9,32.84,6.02,0,17.51
2016,293,24.89,2.69,293.9,32.57,6.08,0,17.87
2016,294,24.68,3.93,284.6,36.33,6.69,0,18.85
2016,295,24.74,3.76,294,36.94,6.72,0,18.61
2016,296,24.56,4.81,290,35.83,6.47,0,18.45
2016,297,23.71,4.8,292.4,32.85,5.59,0,16.73
2016,298,23.62,4.52,292.2,32.12,5.49,0,17.18
2016,299,23.89,4.11,295.1,37.59,6.68,0,17.49
2016,300,23.87,3.42,296.3,32.61,5.72,0,15.82
2016,301,22.86,4.26,303.3,32.33,5.17,0,15.57
2016,302,21.97,3.79,291.9,31.03,4.74,0,14.38
2016,303,23.85,1.51,307.5,24.99,4.37,0,13.68
2016,304,21.66,1.23,354.9,32.38,5.1,0,12.35
2016,305,21.69,1.37,342.5,34.72,5.31,0,12.36
2016,306,21.34,2.33,309.7,36.25,5.48,0,12.66
2016,307,21.55,1.69,309.6,33.84,5.18,0,12.79
2016,308,22.08,1.61,295.6,34.85,5.51,0,14.8
2016,309,21.52,2.44,296.3,34.2,5.12,0,14.11
2016,310,20.05,3.12,296.5,38.78,5.56,0,9
2016,311,20.22,3.39,308.2,39.71,5.55,0,10.22
2016,312,20.39,5.04,298.5,32.98,4.67,0,13.4
2016,313,19.53,5.56,291.4,28.23,3.73,0,13.49
2016,314,19.92,4.02,291.1,25.72,3.48,0,13.71
2016,315,20.49,1.93,280.7,21.36,2.97,0,14.7
2016,316,21.31,1.69,163.4,20.26,3.06,0,14.37
2016,317,21.9,1.63,176.3,21.33,3.38,0,13.81
2016,318,21.94,1.34,242.4,25.06,4.04,0,13.6
2016,319,20.38,2.11,292.6,33.08,4.76,0,12.73
2016,320,19.33,2.82,307.4,33.49,4.44,0,12.05
2016,321,18.76,3.74,301.1,31.13,3.96,0,12.47
2016,322,18.66,5.25,291.2,26.92,3.32,0,13.53
2016,323,17.88,3.76,288.6,25.45,3.03,0,13.88
2016,324,19.23,2.75,275.9,23.82,3.1,0,13.77
2016,325,20.8,1.23,209.7,21.47,3.17,0,13.54
2016,326,20.32,2.68,281.5,22.95,3.24,0,14.5
2016,327,20.12,4.26,291.2,25.88,3.64,0,15.23
2016,328,19.86,3.53,290.7,28.76,3.83,0,15.02
2016,329,20.48,4.53,297.9,23.86,3.31,0,13.51
2016,330,21.79,6.49,300.9,20.7,3.11,0,14.62
2016,331,21.66,6.19,298,25.8,3.97,0,14.55
2016,332,21.13,5.45,292.6,24.74,3.64,0,14.79
2016,333,20.16,4.91,291.4,18.32,2.49,0,14.85
2016,334,19.99,1.76,324.3,14.36,1.99,0,13.09
2016,335,19.14,2.75,141.7,23.45,3.03,0,10.16
2016,336,19.24,1.5,236.4,25.15,3.43,0,8.79
2016,337,17.58,2.97,298.1,29.6,3.59,0,9.07
2016,338,17.26,3.05,285.2,27.39,3.09,0,11.77
2016,339,16.87,3.45,293.9,23.96,2.68,0,12.83
2016,340,16.87,4.02,294.5,25.1,2.87,0,12.78
2016,341,18.55,1.81,315.2,22.94,2.95,0,10.27
2016,342,18.78,2.47,291.5,25.66,3.38,0,8.57
2016,343,18.39,1.88,283.4,27.54,3.46,0,8.87
2016,344,18.49,1.25,276.8,27.02,3.45,0,9.94
2016,345,19.59,1.96,157.8,27.05,3.64,0,8.72
2016,346,19.36,2.5,269.4,32.9,4.52,0,11.41
2016,347,17.88,4.13,300.8,36.52,4.36,0,12.36
2016,348,18.04,4.32,303.3,33.48,4.14,0,11.25
2016,349,17.06,4.36,298.8,30.63,3.47,0,11.92
2016,350,15.65,4.87,289.2,26.11,2.74,0,13.37
2016,351,15.46,2.87,296.4,25.96,2.67,0,13.03
2016,352,15.16,3.24,296.7,28.64,2.92,0,11.76
2016,353,14.97,2.83,298.5,29.07,2.86,0,12.49
2016,354,15.07,4.32,294.5,26.33,2.59,0,11.89
2016,355,15.96,6.38,292.9,28.11,2.95,0,13.34
2016,356,15.59,5.24,286.5,26.24,2.56,0,14.01
2016,357,15.52,3.11,301.2,22.25,2.17,0,13.5
2016,358,16.94,2.36,298,17.69,2.03,0,12.83
2016,359,16.32,2.14,137,20.52,2.31,0,11.44
2016,360,14.18,2.76,121.9,33.96,3.3,0.1,7.94
2016,361,14.21,4.67,298.9,27.49,2.53,0.19,11.85
2016,362,14.29,4.08,299.4,17.33,1.61,0,13.12
2016,363,15.82,2.8,284.9,19.47,2.06,0,12.61
2016,364,14.83,2.77,132.1,23.2,2.34,0,8.96
2016,365,13.53,2.49,133.5,31.05,2.79,0,7.64
2016,366,13.13,3.37,136.9,36.99,3.42,0,8.51
2017,1,15.38,3.27,138.9,51.98,5.59,0.26,10.55
2017,2,16.15,2.13,20,57.13,6.3,0.06,9.81
2017,3,16.15,2.1,295.7,47.96,5.11,0,11.2
2017,4,17.18,2.23,230.8,41.21,4.81,0,10.81
2017,5,17.63,2.39,273.2,38.14,4.57,0,11.26
2017,6,16.97,4.08,143.2,37.73,4.31,0.16,11.45
2017,7,14.61,4.54,100.8,64.35,6.7,9.11,2.81
2017,8,13.01,1.51,7.6,60.49,5.32,0,8.94
2017,9,11.5,3.05,310.1,48.51,3.86,0,10.69
2017,10,9.65,4.21,295.6,33.32,2.26,0,13.9
2017,11,8.61,3.89,290.6,32.95,2.1,0,14.55
2017,12,8.96,3.79,298.5,35.63,2.37,0.11,13.35
2017,13,9.84,3.13,304.5,33.95,2.38,0,12.48
2017,14,10.64,2.15,316.7,32.35,2.37,0.01,11.53
2017,15,14.24,1.88,304.4,30.76,2.79,0.04,12.34
2017,16,13.67,2.73,261.9,34.55,3.25,0.05,11.32
2017,17,10.74,2.68,291.3,53.63,4.04,0.02,10.41
2017,18,12.32,2.51,318.5,44.38,3.6,0,12.4
2017,19,12.44,4.51,313.8,41.43,3.43,0,13.94
2017,20,12.03,4.05,299.7,43.79,3.48,0,14.61
2017,21,13.63,3.04,297.9,32.54,3,0,8.56
2017,22,16.48,2.86,326.7,36.93,4.29,0.01,10.02
2017,23,16.27,3.68,309.1,36.93,4.13,0,12.26
2017,24,16.04,2.92,311.6,38.93,4.32,0,12.2
2017,25,19,3.36,130.3,38.49,5.25,0.01,10.15
2017,26,18.56,4.95,139.3,52.82,6.6,4.85,4.17
2017,27,13.94,3.02,313.3,78,7.67,11.51,11.32
2017,28,14.04,4.04,298.7,66.53,6.26,0,12.82
2017,29,15.82,4.24,289.1,50.78,5.23,0,13.14
2017,30,16.03,2.62,290,45.37,4.81,0,13.41
2017,31,16.03,3.57,306,47.36,5.11,0,14.06
2017,32,15.14,3.14,293.6,51.58,5.11,0,14.63
2017,33,15.05,1.55,303.4,43.49,4.38,0,13.23
2017,34,16,2.64,299.5,46.55,4.81,0,13.18
2017,35,17.64,3.28,123.3,40.34,4.92,0,11.59
2017,36,17.23,3.05,126.8,46.76,5.69,0.77,8.86
2017,37,15.51,3.9,304.1,51.78,5.47,0.13,13.37
2017,38,13.89,3.72,296.1,38.91,3.54,0,16.87
2017,39,15.35,3.36,292.7,38.11,3.82,0,15.92
2017,40,14.48,4.79,309.1,38.88,3.71,0,16.88
2017,41,14.06,3.59,300.3,44.8,4.1,0,17.95
2017,42,15.3,2.62,302.3,39.72,3.89,0,16.79
2017,43,15.67,1.53,330.6,38.36,3.92,0,13.9
2017,44,15.81,3.12,308.2,38.27,3.91,0,16.15
2017,45,16.46,3.93,299.5,38.23,3.99,0,17.82
2017,46,18.32,3.56,296.3,36.65,4.34,0,16.92
2017,47,21.23,5.11,297.7,38.38,5.62,0,15.26
2017,48,20.52,4.21,297.7,44,6.45,0,13.58
2017,49,21.35,4.36,296.6,43.82,6.28,0,17.04
2017,50,22.7,3.67,293.4,40.48,6.43,0,17.51
2017,51,23.2,3.05,246.1,36.09,6.02,0.02,17.38
2017,52,19.02,4.19,281.8,35.26,4.72,0.23,17.17
2017,53,18.3,3.92,302.9,21.09,2.49,0,19.74
2017,54,17.52,5.34,300.8,25.23,2.74,0,20.44
2017,55,17.87,6.2,298.7,22.37,2.48,0,21.09
2017,56,19.01,6.45,294.8,22.68,2.69,0,20.44
2017,57,19.39,4.48,290.1,24.39,3.1,0,20.92
2017,58,19.68,4.04,299.1,23.72,2.89,0,20.08
2017,59,22.04,3.48,304.8,20.02,3.12,0,18.11
2017,60,23.47,2.77,282.1,28.29,4.99,0.22,14.91
2017,61,22.05,2.65,321.2,29.2,4.58,0.4,12.94
2017,62,20.42,3.75,318.1,23.04,3.17,0,17.21
2017,63,18.91,3.84,300.5,25.84,3.09,0,21.76
2017,64,19.41,5.01,307.2,25.1,3.1,0,21.5
2017,65,20.69,5.21,301.1,24.47,3.36,0,21.44
2017,66,21.74,2.56,325.5,25.6,3.88,0,17.82
2017,67,21.81,5.01,16.6,35.53,5.55,0.18,15.66
2017,68,21.69,3.17,124.5,41.08,6.19,3.15,16.82
2017,69,19.92,4.53,157.3,51.5,7.25,3.97,14.92
2017,70,17.3,3.87,259.6,54.73,6.43,2.71,16.78
2017,71,16.7,3.57,303.7,31.1,3.38,0,21.1
2017,72,16.71,4.18,294.4,28.76,3.03,0,21.48
2017,73,18.09,2.91,298.9,27.13,3.2,0,20.91
2017,74,19.73,3.76,305.8,28.6,3.67,0,21.55
2017,75,21.86,3.59,299.4,30.6,4.58,0.04,19.68
2017,76,21.3,4.87,307.7,37.27,5.48,0.03,22.11
2017,77,21.95,4.2,295.8,29.16,4.2,0,21.27
2017,78,22.66,3.98,290.2,23.3,3.83,0,18.91
2017,79,23.26,4.63,294.5,25.42,4.13,0,22.58
2017,80,25.18,4.98,293.2,23.21,4.29,0,22.17
2017,81,27.55,5.6,297,23.19,4.79,0,23.1
2017,82,28.44,3.56,294.5,24.88,5.52,0,22.25
2017,83,28.05,4.22,313.4,26.73,5.9,0,20.28
2017,84,27.04,5.2,300.3,17.71,3.52,0,23.67
2017,85,28.61,6.26,303.1,20.97,4.99,0,24.22
2017,86,29.88,6.07,299.5,25.85,6.07,0,23.98
2017,87,30.43,5.35,305.5,23.66,5.86,0,23.07
2017,88,31.65,5.29,299,22.18,6.05,0,23.94
2017,89,31.98,6.24,306.8,21.22,5.74,0,24.02
2017,90,31.93,4.04,291.5,22.49,6.37,0,22.21
2017,91,31.84,5.28,297.3,18.72,5.1,0,24.53
2017,92,31.27,5.22,301.9,16.31,4.29,0,24.38
2017,93,30.9,4.98,299.8,16.58,4.3,0,24.84
2017,94,30.99,3.04,320.5,18.34,4.98,0,19.4
2017,95,31.47,3.8,146.4,27.07,7.54,9.38,21.68
2017,96,29.11,5.42,168,32.23,7.38,1.63,23.22
2017,97,25.95,3.09,297.9,21.82,3.92,0.01,20.84
2017,98,25.72,4.07,299,16.91,3.03,0,24.92
2017,99,25.16,5.78,310.2,17.66,3.04,0,27.05
2017,100,26.02,7.03,302.1,16.04,2.94,0,27.79
2017,101,27.74,7.37,303.3,17.77,3.63,0,27.19
2017,102,29.29,5.44,307.1,17.57,3.78,0,26.55
2017,103,30.86,2.38,306.2,14.84,3.57,0,25.66
2017,104,32.08,2.51,297.4,11.89,3.29,0,24.55
2017,105,33.25,4.37,302.6,14.54,4.34,0,25.38
2017,106,33.47,3.1,285.5,13.16,3.8,0,26.6
2017,107,34.1,4.21,68.5,12.09,3.8,0,25
2017,108,34.91,4.22,287.8,11.36,3.77,0,24.83
2017,109,34.86,4.55,291.7,11.17,3.63,0,25.66
2017,110,35.65,3.32,266.3,14.02,4.95,0,25.55
2017,111,35.77,3.09,262,17.9,6.28,0,23.12
2017,112,35.63,3.47,285.1,19.68,6.93,0.35,22.03
2017,113,33.9,4.12,296.5,22.33,7.14,1.78,24.05
2017,114,32.86,4.51,289.3,22.11,6.73,0,24.43
2017,115,31.6,5.96,303.2,20.12,5.39,0,26.47
2017,116,31.45,3.67,279.1,22.32,6.07,0.15,25.14
2017,117,32.27,3.92,273.9,19.28,5.57,0,22.15
2017,118,33.08,3.69,283.1,19.49,6.03,0.02,21.44
2017,119,33.67,3.78,247.1,21.55,6.77,0.09,20.4
2017,120,33.66,2.95,175.5,25.61,7.98,0.46,23.23
2017,121,31.86,2.58,325.5,21.17,5.62,0.06,25.49
2017,122,33.43,3.68,302.3,11.56,3.58,0,26.69
2017,123,33.65,2.9,22.4,16.6,5.22,0,14.18
2017,124,32.74,4.82,299.1,22.83,6.63,0.39,26.18
2017,125,34.19,5.55,302.3,17.46,5.34,0.01,25.18
2017,126,34.84,3.82,290.2,16.57,5.48,0,25.5
2017,127,36.55,4.49,300.2,14.67,5.28,0,25.1
2017,128,36.88,3.2,289.7,14.78,5.55,0,24.58
2017,129,37.05,2.76,244.4,16.35,6.16,0.02,25.43
2017,130,36.58,5.37,143.3,23.25,8.47,0,24.42
2017,131,36.1,3.42,243.6,20.78,7.47,0.1,25.99
2017,132,36.62,2.43,286.4,17.34,6.38,0,22.39
2017,133,37.07,5.68,300.8,18.86,7.19,0.65,25.68
2017,134,38.12,5.02,298.6,18.81,7.6,0,25.43
2017,135,37.99,4.34,282.5,17.61,7.05,0,27.45
2017,136,37.72,6.01,294.6,19,7.74,0,25.07
2017,137,35.34,3.19,274.9,24.99,8.93,0.68,17.79
2017,138,35.04,2.88,285.9,25.81,8.94,0.47,23.13
2017,139,36.04,2.94,260.1,24.39,8.61,0.26,19.79
2017,140,36.19,4.58,277.1,23.98,8.81,0.11,19.68
2017,141,36.59,3.41,300.1,24.79,9.3,0.02,22.73
2017,142,32.85,3.17,288.1,36.4,11.07,4.56,8.44
2017,143,34.52,3.76,296.8,28.37,9.38,0.01,24.27
2017,144,36.79,1.83,232.2,26.17,10.05,0.31,24.99
2017,145,37.42,3.02,246.2,22.74,8.95,0,25.44
2017,146,38.29,3.8,290.5,19.6,7.99,0.1,25.68
2017,147,38.13,3.76,138.8,17.65,7.16,0.38,26.13
2017,148,35.76,4.73,148.4,26.55,9.76,2.22,24.26
2017,149,33.98,3.96,134.3,34.45,11.27,3.35,18.14
2017,150,33.92,2.85,146.9,35.06,11.33,0.67,24.31
2017,151,34.88,2.84,129.1,31.17,10.69,0.29,12.57
2017,152,33.45,4.14,281.8,30.06,9.45,3.28,22.7
2017,153,34.78,5.08,278.8,24.1,7.76,0.04,27.22
2017,154,38.24,5.62,285.2,21.26,8.46,0,25.87
2017,155,39.59,6,282.7,17.76,7.5,0,25.43
2017,156,39.93,7.84,277.8,22.39,10.46,0,24.34
2017,157,38.91,6.09,265.9,26.76,11.77,0.21,23.51
2017,158,34.55,4.97,132,43.99,15.02,11.28,21.11
2017,159,32.82,3.88,301,45.02,13.88,5.12,19.3
2017,160,33.56,1.87,304,36.03,11.4,0.27,22.6
2017,161,35.47,3.03,284.6,31.5,11.27,0.01,23.71
2017,162,35.03,3.61,296,31.79,11.19,0.08,26.1
2017,163,34.6,5.3,305.1,30.35,9.97,0.07,26.59
2017,164,36.79,5.5,290.8,29.15,10.99,0.07,23.58
2017,165,37.92,4.38,277.8,26.99,10.69,0.01,21.78
2017,166,36.71,5.9,266.2,34.14,13.14,0.07,24.59
2017,167,35.55,3.97,175.6,33.26,12.05,2.54,17.78
2017,168,34.97,3.09,233.2,32.68,11.36,0.98,16.51
2017,169,35.76,4.8,284,40.36,14.91,0.49,20.86
2017,170,33.29,3.09,245.7,58.23,19.14,14.82,17.17
2017,171,32.67,3.06,249.9,58.22,17.86,11.27,18.11
2017,172,31.3,6.18,247.3,61.68,17.66,15.36,19.52
2017,173,32.09,3.71,296.8,48.08,13.97,0.86,21.32
2017,174,33.28,3.99,291.7,43.16,13.52,0,23.95
2017,175,34.66,3.36,277.6,42.85,14.64,0,24.28
2017,176,36.13,1.98,342.6,40.05,14.82,0.9,22.75
2017,177,35.01,3.36,89,47.15,16.78,8.24,22.5
2017,178,35.26,3.1,117.8,48.22,17.36,2.4,22.42
2017,179,33.68,1.72,135.8,56.21,18.59,14.73,9.68
2017,180,30.15,4.53,138.4,76.19,20.91,23.12,12.14
2017,181,31.42,3.44,161,66.35,19.39,6.71,11.76
2017,182,31.33,1.96,233.9,66.7,19.4,19.36,20.92
2017,183,32.06,1.73,188.4,64.14,19.36,7.03,10.46
2017,184,32.01,2.61,261.7,63.2,19.04,1.5,19.91
2017,185,32.92,4.48,271,59.85,19.02,5.76,21.47
2017,186,32.87,5.54,258.7,59.17,18.65,4.24,17.05
2017,187,32.32,2.73,258.9,59.97,18.34,7.37,14.03
2017,188,31.59,3.34,277.1,61.52,17.86,9.19,18.37
2017,189,32.87,3.46,297.4,55.41,17.22,0.01,20.23
2017,190,33.77,4.72,280.1,51.22,16.75,0.06,21.49
2017,191,34.14,5.07,272.4,49.73,16.44,0.31,22.57
2017,192,32.04,3.6,255.5,62.09,18.73,22.24,16.76
2017,193,29.97,2.89,149,70.13,18.82,6.26,14.65
2017,194,30.75,3.37,113.9,66.46,18.52,0.25,22.57
2017,195,31.02,3.94,104.7,65.78,18.71,0.05,23.01
2017,196,31.21,2.76,122.9,67.49,19.46,0.69,17.44
2017,197,31.32,2.83,141.6,68.94,19.92,0.19,15.91
2017,198,30.62,3.39,114,72.06,20.32,8.39,9.01
2017,199,31.79,1.56,128.2,64.18,18.78,0.52,23.71
2017,200,33.24,1.98,186.7,53.28,16.85,0.44,24.01
2017,201,29.66,4.12,134,72.15,19.24,13.51,16.62
2017,202,30.66,3.01,94.2,69.2,19.55,1.28,22.46
2017,203,30.25,7.73,107.1,71.63,19.62,3.49,17.2
2017,204,30.49,5.64,107.7,72.75,20.09,0.75,16.87
2017,205,28.47,3.48,106.9,83.93,21.03,18.37,18.48
2017,206,29.38,3.52,114.3,77.97,20.33,5.73,16.32
2017,207,30.34,2.21,155.6,72.87,19.98,2.03,19.52
2017,208,30.25,2.43,128.2,67.67,18.63,0.73,18.16
2017,209,30.98,3.37,87.3,66.56,18.88,1.04,19.85
2017,210,29.82,4.49,118.5,75.36,20.18,0.09,18.66
2017,211,30.64,1.8,165.4,69.8,19.49,2.93,17.76
2017,212,28.44,1.42,252.9,78.97,19.62,7.94,12.8
2017,213,29.31,2.52,266,77.81,20.07,10.72,12.52
2017,214,29.51,3.66,272.6,76.66,20.11,13.12,12.6
2017,215,30.46,5.06,266,67.1,18.64,3.88,16.04
2017,216,30.43,4.28,261,66.54,18.29,2.88,15.39
2017,217,30.6,2.78,269.9,65.73,18.14,3.86,15.57
2017,218,31.5,1.9,297.5,63.07,18.45,6.28,15.45
2017,219,30.38,2.17,293,71.17,19.64,6.37,9.75
2017,220,31.41,1.07,323.8,68.46,19.83,0.72,17.12
2017,221,30.62,0.61,193.6,72.13,20.31,9.87,12.72
2017,222,31.02,3.97,275,70.5,19.98,2.02,16.35
2017,223,31.59,5.39,269.6,61.72,18.02,0.65,18.98
2017,224,31.52,5.27,263.8,60.99,17.86,0.21,18.76
2017,225,31.47,4.79,255.8,62.31,18.22,0.02,18.9
2017,226,30.94,3.17,254.3,62.9,17.72,0.95,19.95
2017,227,31.99,3.28,284.1,58.6,17.36,0,21.2
2017,228,31.46,4.52,291.7,53.44,15.21,0,22.41
2017,229,31.57,4.67,292.5,52.92,15.25,0,22.2
2017,230,31.88,3.15,315.5,51.29,14.84,0.02,20.55
2017,231,28.82,2.33,117.4,75.32,19.05,28.1,4.45
2017,232,30.33,2.74,113.5,70.92,19.09,0.51,21.62
2017,233,30.74,3.19,133.4,67.5,18.74,0.43,20.52
2017,234,31.73,1.66,108,63.26,18.51,2.98,17.12
2017,235,29.92,1.8,168.6,71.92,19.22,14.8,11.78
2017,236,29.52,1.82,137.7,73.33,19.02,0.77,16.7
2017,237,30.68,0.96,0.5,66.19,18.39,2.53,16.93
2017,238,30.35,2.17,6.3,71.64,19.65,4.14,12.57
2017,239,31.09,1.66,354.2,64.66,18.07,0.5,21.64
2017,240,28.74,4.06,97.1,77.73,19.55,5.06,14.14
2017,241,29.11,4.51,88.4,72.29,18.43,0.09,16.57
2017,242,29.66,4.53,107.8,75.07,19.83,1.35,16.97
2017,243,28.19,3.4,127.1,86.16,21.1,17.98,10.96
2017,244,27.89,3.13,275.5,85.59,20.54,28.05,12.88
2017,245,27.47,3.5,267.4,79.39,18.49,10.67,13.03
2017,246,28.42,2.76,274.2,68.57,16.64,0.16,21.52
2017,247,29.03,3.12,288.3,66.29,16.76,0,20.99
2017,248,29.32,3.31,283.6,70.79,18.08,0.22,21.14
2017,249,29.17,2.57,274.8,69.24,17.5,6.3,20.62
2017,250,28.47,2.4,285.3,75.82,18.6,14.96,14.83
2017,251,28.45,2.78,311.8,73.02,17.82,0,19.94
2017,252,28.85,3.09,293.4,66.91,16.57,0,21.87
2017,253,29.31,2.68,290.2,62.47,15.69,0.02,21.76
2017,254,29.54,3.83,322.6,62.85,16.08,0,18.47
2017,255,29.35,3.46,302.8,59.43,15.03,0.01,19.43
2017,256,29.29,2.44,314.5,60.23,15.22,0,19.02
2017,257,29.53,2.78,339.3,63.17,16.19,0,13.96
2017,258,29.68,2.49,322.7,60.78,15.55,0,19.55
2017,259,28.55,2.44,317.7,58.3,13.9,0.05,10.31
2017,260,29.25,3.75,319.5,55.35,13.66,0,16.88
2017,261,29.09,3.31,315.9,50.22,12.2,1.72,21.13
2017,262,28.79,2.34,332.5,44.68,10.73,1.25,19.07
2017,263,28.8,2.45,355.7,44.96,10.37,0.01,18.86
2017,264,29.19,3,118.3,57.36,14.22,0.28,16.13
2017,265,25.47,5.98,53.2,88.21,18.47,30.09,3.53
2017,266,25.11,2.89,226.3,87.68,17.83,68.68,5.85
2017,267,23.77,3.43,308.6,82.21,15.47,3.83,16.59
2017,268,25.32,3.51,295.5,69.03,13.99,0,20.97
2017,269,25.87,3.11,303.5,63.18,13.1,0,20.91
2017,270,26.57,2.15,301,56.98,12.4,0,20.62
2017,271,27.37,1.83,289.5,55.67,12.72,0,20.36
2017,272,27.8,2.36,296.8,55.5,13.03,0,19.2
2017,273,26.75,2.85,305.7,55.35,12.07,0,20.8
2017,274,26.19,2.51,287.6,49.1,10.34,0,20.81
2017,275,26.57,2.57,301.3,51.09,10.91,0,21.41
2017,276,25.82,2.96,311.2,50.41,10.32,0,21.17
2017,277,25.45,2.27,345.7,54.41,10.8,0,19.5
2017,278,25.85,2.93,342.4,55.11,11.11,0,18.96
2017,279,25.69,2.79,319.5,54.17,10.69,0,18.81
2017,280,26.45,2.41,320.3,52.29,10.98,0,20.04
2017,281,27.73,1.59,0.3,48.6,11.21,0,19.08
2017,282,28.53,1.11,81.6,45.56,10.76,0,17.69
2017,283,28.01,1.49,49.5,47.33,10.99,0,17.28
2017,284,27.9,0.98,38,50.51,11.62,0,17.05
2017,285,27.21,2.69,304.4,49.55,10.97,0,16.54
2017,286,26.79,2.92,298.8,47.44,10.07,0,17.15
2017,287,26.27,2.64,297.3,41.04,8.42,0,18.68
2017,288,25.9,2.83,315.9,40.25,7.98,0,18.87
2017,289,25.75,2.86,313.7,38.12,7.5,0,18.96
2017,290,24.67,3.13,316,42.97,7.95,0,17.9
2017,291,24.51,3.37,330,42.03,7.69,0,17.98
2017,292,26.56,1.35,330.8,41.56,8.74,0,17.23
2017,293,26.57,1.95,322.7,39.81,8.27,0,16.68
2017,294,24.56,3.7,309.9,41.49,7.58,0,15.36
2017,295,25.76,2.26,309.2,32.45,6.5,0,17.49
2017,296,25.44,2.41,327.6,34.64,6.72,0,17.27
2017,297,23.2,3.69,305.3,38.78,6.49,0,15.56
2017,298,22.89,2.84,302.4,35.32,5.84,0,14.96
2017,299,24.31,1.83,121.3,32.14,5.76,0,13.73
2017,300,23.73,1.83,7.9,32.37,5.66,0,13.43
2017,301,23.09,2.03,5.5,38.27,6.49,0,15.17
2017,302,22.35,2.02,29.9,40.96,6.63,0,13.37
2017,303,22.23,2.24,343.5,41.84,6.81,0,13.44
2017,304,22.21,1.51,209.8,42.88,7,0,12.31
2017,305,21.53,2.35,113.2,50.41,7.81,0,13.15
2017,306,21.38,2.09,56,55.95,8.47,0,12.82
2017,307,23,1.13,42.1,44.75,7.58,0,11.53
2017,308,23.71,2.01,110.2,46.04,8.39,0,12.34
2017,309,23.13,1.94,300.7,48.53,8.38,0,13.07
2017,310,20.99,2.86,296.2,50.77,7.67,0,11.12
2017,311,19.8,2.4,311.8,50.08,7.01,0,10.86
2017,312,19.63,3.29,308.1,47.82,6.56,0,9.7
2017,313,20.61,3.1,322.3,45.12,6.46,0,10.49
2017,314,20.56,2.16,323.4,42.51,6.09,0,11.3
2017,315,20.18,2.05,310,41.91,5.99,0,10.67
2017,316,19.24,2.76,308.1,43.28,5.8,0,10.51
2017,317,20.38,1.53,329,38.78,5.52,0,11.04
2017,318,19.18,4.36,131.7,46.4,6.3,0,11.06
2017,319,19.47,3.05,114.1,49.16,6.67,0,9.69
2017,320,19.56,2.22,352.6,48.54,6.68,0,10.31
2017,321,19.1,3.61,325.4,51.22,6.85,0.05,9.44
2017,322,19.43,3.22,315.7,51.09,6.9,0.09,8.33
2017,323,18.01,4.23,315.6,43.67,5.48,0.01,11.11
2017,324,15.86,3.61,302.5,39.7,4.23,0,12.4
2017,325,15.24,3.9,293.2,42.42,4.42,0,13.81
2017,326,15.63,3.72,302,38.68,4.01,0,13.8
2017,327,15.83,3.63,299,33.11,3.48,0,14.28
2017,328,15.31,3.11,303.1,33.7,3.39,0,13.73
2017,329,16.33,2.97,302.1,31.11,3.42,0,13.37
2017,330,16.99,3.41,309.7,32.21,3.69,0,13.23
2017,331,15.2,4.52,291.4,37.68,3.9,0,13.04
2017,332,17.04,3.54,300.3,35.23,4.01,0,14.03
2017,333,18.47,1.37,293.7,30.97,3.95,0,13.68
2017,334,16.89,3.18,307.4,38.06,4.36,0,12.75
2017,335,16.48,2.15,317.4,36.01,3.88,0,12.69
2017,336,17.15,1.71,335.2,32.24,3.82,0,11.71
2017,337,16.74,2.02,335.1,36.31,4.21,0,8.59
2017,338,16.59,2.21,310.7,37.28,4.26,0,8.88
2017,339,17.33,2.26,319.4,37.02,4.48,0,6.68
2017,340,16.91,2.54,295.8,39.02,4.53,0,9.18
2017,341,16.54,3.68,302.8,32.07,3.55,0,12.63
2017,342,15.93,3.83,298.3,28.18,3.01,0,13.98
2017,343,16.68,1.69,307.6,31.41,3.57,0,13.52
2017,344,17.09,1.48,311.6,36.03,4.19,0,13.19
2017,345,16.71,2.12,89,42.91,4.96,0.51,7.16
2017,346,15.98,2.7,125.3,72.87,8.21,6.42,10.03
2017,347,14.2,2.29,318.9,68.37,6.87,0,7.87
2017,348,12.7,2.73,313.9,58.54,5.07,0,8.32
2017,349,12.56,3.62,307.9,54.43,4.49,0,10.21
2017,350,11.63,4.89,298,43.33,3.39,0,12.24
2017,351,12.15,4.78,295,39.32,3.14,0,14.2
2017,352,13.39,4.33,293.2,40.86,3.61,0,13.74
2017,353,14.57,3.56,295.1,41.59,4.15,0,11.02
2017,354,15.34,2.36,321.6,45.74,4.78,0,9.41
2017,355,16.77,3.43,307.4,47.46,5.44,0,10.22
2017,356,16.02,5.07,301.1,44.67,4.71,0,12.77
2017,357,14.5,5.11,292.1,43.08,4.09,0,14.47
2017,358,14.87,1.59,315.8,44,4.34,0,12.53
2017,359,13.78,4.57,300.6,46.95,4.42,0,12.15
2017,360,13.25,3.12,297.5,40.51,3.62,0,12.06
2017,361,14.87,2.41,302.5,37.16,3.74,0,12.09
2017,362,15.66,2.57,314.2,40.42,4.32,0,11.26
2017,363,14.86,2.29,304.1,43.43,4.36,0,10.59
2017,364,13.7,1.47,312.7,40.04,3.75,0,9.33
2017,365,12.91,2.22,308.6,36.49,3.24,0,7.53
2018,1,11.44,1.84,312.1,36.93,2.99,0,9.96
2018,2,10.78,2.55,313.3,39.9,3.13,0,7.29
2018,3,10.72,3.25,311.3,41.49,3.12,0,8
2018,4,11.96,2.61,313.8,35.33,2.8,0,8.89
2018,5,12.44,2.62,312.7,33.2,2.87,0,8.87
2018,6,11.28,3.9,301.9,42.73,3.36,0,9.48
2018,7,11.39,4.19,293.2,42.68,3.28,0,12.54
2018,8,11.4,3.3,297.1,40.55,3.15,0,13.38
2018,9,11.83,3.49,299.8,38.86,3.06,0,11.71
2018,10,12,4.81,292.5,33.71,2.7,0,13.52
2018,11,12.82,4.69,294.4,31.69,2.62,0,14.33
2018,12,15.05,4.14,299,30.98,3.07,0,12.53
2018,13,14.27,3.9,302.3,34.61,3.28,0,13.35
2018,14,13.53,3.31,294.3,33.65,2.98,0,14.48
2018,15,12.91,4.31,297,33.39,2.84,0,14.75
2018,16,14.37,3.92,291.4,25.55,2.22,0,15.18
2018,17,14.96,2.38,143.7,29.04,2.66,0,11.96
2018,18,15.98,3.29,307.8,28.36,3.06,0,13.18
2018,19,14.92,3.73,299,34.47,3.38,0,13.42
2018,20,13.76,4.07,289.2,27.21,2.46,0,14.54
2018,21,13.89,2.83,302.2,24.77,2.21,0,15.25
2018,22,15.49,2,352.8,23.25,2.39,0,14.05
2018,23,12.15,3.7,106.1,46.7,4.02,5.08,4.22
2018,24,11.95,2.37,312.9,70.53,5.91,0.02,10.86
2018,25,12.07,4.47,296.3,60.24,4.8,0.06,11.67
2018,26,12.28,3.49,302.6,44.67,3.67,0,11.56
2018,27,11.54,2.79,299.7,40.48,3.13,0,12.11
2018,28,12.59,3.49,296,35.74,2.94,0,12.68
2018,29,14.1,4.31,298.5,32.95,3,0,14.64
2018,30,17.63,5.54,291,29.05,3.39,0,15.76
2018,31,17.38,6.77,294.8,32.46,3.71,0,13.63
2018,32,18.99,3.82,304,34.23,4.44,0,15.53
2018,33,18.53,3.49,305.1,37.23,4.57,0,15.45
2018,34,17.15,2.99,307.5,28.89,3.29,0,15.38
2018,35,15.22,3.42,301.6,25.57,2.51,0,17.13
2018,36,15.48,2.53,306.6,17.54,1.7,0,10.89
2018,37,16.74,3.33,310,17.91,1.96,0,9.18
2018,38,14.5,4.66,297.3,18.72,1.6,0,17.39
2018,39,14.91,2.69,295.9,16.87,1.57,0,15.58
2018,40,15.04,3.45,305.7,19.82,1.88,0,17.14
2018,41,16.91,2.95,327.2,17.59,1.9,0,15.61
2018,42,18.94,4.56,126.8,18.47,2.42,0.05,12.12
2018,43,15.53,5.6,103.4,62.41,6.88,2.76,7.68
2018,44,16.1,3.38,328,61.71,6.58,0.01,14.56
2018,45,15.64,5.77,303.3,45.04,4.54,0,17.84
2018,46,16.69,5.25,294.2,46.82,5.24,0,17.03
2018,47,18.42,4.29,297.5,45.18,5.56,0,15.75
2018,48,19.48,4.92,290.8,36.24,4.67,0,15.58
2018,49,18.15,4.02,301.8,24.08,2.69,0,17.09
2018,50,18.93,3.66,303.8,21.28,2.74,0,17.53
2018,51,20.8,2.92,296.2,28.76,4.04,0,17.98
2018,52,22.4,3.77,297.3,31.08,5.03,0,17.28
2018,53,22.62,3.65,317.7,31.05,4.89,0,16.2
2018,54,23.77,2.09,343,24,4.19,0,15.64
2018,55,24.17,4.06,132.2,24.42,4.5,0,14.8
2018,56,23.34,3.31,322,31.21,5.32,0.25,17.14
2018,57,20.63,5.53,289.3,36.82,5.18,0,19.71
2018,58,22.86,4.72,302.5,39.12,6.34,0,17.87
2018,59,22.53,2.95,305.9,34.38,5.42,0,16.12
2018,60,22.98,4.55,306.7,31.58,5.15,0,15.46
2018,61,24.46,3.97,306,31.85,5.52,0,19.27
2018,62,24.74,3.5,309.3,33.13,6.08,0.06,17.1
2018,63,23.45,6.21,318.6,41.31,6.9,1,15.69
2018,64,21.32,3.99,308.7,36.38,5.11,0,20.9
2018,65,21.06,5.1,297.3,31.43,4.55,0,20.97
2018,66,21.62,4.92,299.9,27.05,3.75,0,21.76
2018,67,23.07,2.92,316.4,23.72,3.83,0,21.23
2018,68,24.2,4.46,311.1,26.31,4.52,0,20.45
2018,69,23.76,4.93,304.6,27.52,4.56,0,20.84
2018,70,24.09,4.2,298.5,30.25,5.2,0,21.28
2018,71,25.2,4.57,296.6,28.18,4.99,0,21.33
2018,72,26.84,3.7,300.1,20.99,4.05,0,21.85
2018,73,27.39,3.73,187.3,16.1,3.4,0,18.51
2018,74,25.36,3.8,272.6,20.19,3.77,0,17.84
2018,75,24.6,3.67,311.8,25.38,4.51,0.03,18.03
2018,76,22.68,4.57,303.5,21.67,3.4,0,23.32
2018,77,23.79,5.04,302.3,16.1,2.63,0,23.11
2018,78,25.53,4.34,308.2,18.82,3.43,0,19.47
2018,79,27.52,2.93,282.4,21.08,4.49,0,18.93
2018,80,27.26,3.32,308.9,30.12,6.59,0.44,19.42
2018,81,25.69,3.02,316.3,37.97,7.18,0.15,19.86
2018,82,24.51,3.16,302.7,32.88,5.9,0,22.34
2018,83,25.2,3.89,303.9,26.98,5.1,0,23.06
2018,84,25.99,4.59,304.1,23.89,4.44,0,23.48
2018,85,26.12,5.16,294.8,16.81,3.2,0,22.96
2018,86,27.29,3.9,299.1,13.57,2.74,0,23.21
2018,87,28.98,4.3,302.5,11.27,2.56,0,23.84
2018,88,27.67,4.94,297.7,15.23,3.28,0,24.01
2018,89,27.78,3.86,302.3,13.42,2.72,0,25.45
2018,90,28.07,3.9,91.4,11.42,2.48,0,22.99
2018,91,27.71,4.81,115,20.6,4.83,0,23.01
2018,92,29.02,2.64,117.5,25.81,6.16,0,22.03
2018,93,29.38,2.47,73.1,27.3,6.88,0,20.51
2018,94,31.71,3.34,321.5,23.7,6.48,0,22.23
2018,95,31.66,2.39,336.1,24.26,6.97,0,20.68
2018,96,31.55,2.72,314.3,26.05,7.12,0.63,16.11
2018,97,29.67,3.61,95.8,34.24,8.29,0.94,21.11
2018,98,29.77,4.17,119.1,37.45,9.36,1.69,22
2018,99,29.57,2.55,78.5,39.78,10.1,6.03,13.19
2018,100,28.88,2.92,238.8,44.14,10.4,2.3,20.8
2018,101,28.98,2.5,337.1,41.89,9.78,2.85,17.72
2018,102,27.51,2.59,336.7,41.49,9.01,0.27,23.06
2018,103,27.24,4.18,305.7,27.08,5.41,0,26.32
2018,104,29.34,4.41,299.9,23.75,5.68,0,24.83
2018,105,30.78,3.76,308.3,25.78,6.68,0,22.98
2018,106,32.05,2.57,206.3,25.15,7.02,0,17.62
2018,107,32.21,3.59,346.4,25.58,7.18,0.13,23.19
2018,108,32.28,6.28,309.7,24.69,7.02,0,25.71
2018,109,32.72,4.07,293.6,21.14,6.24,0,24.04
2018,110,32.62,6.9,233.5,18.16,5.45,0.39,20.59
2018,111,28.51,4.39,303,18.46,4.21,0,24.04
2018,112,28.09,5.44,301.9,18.98,4.19,0,27.53
2018,113,29.05,4.65,298.4,16.61,3.8,0,26.95
2018,114,31.23,5.07,292.3,13.1,3.31,0,26.73
2018,115,32.9,3.88,283,11.82,3.42,0,26.63
2018,116,35.03,1.44,231.2,9.74,3.23,0,25.04
2018,117,33.37,6.05,134.6,17.04,5.58,0,22.83
2018,118,34.52,3.6,143.3,20.14,6.55,0.06,22.79
2018,119,34.56,4.39,298.3,19.62,6.24,0.35,22.38
2018,120,34.79,2.89,231.2,18.3,6.1,0.22,24.51
2018,121,34.42,5.09,137.9,23,7.23,0.01,24.4
2018,122,33.72,4.76,128.5,25.98,8.27,2.89,20.5
2018,123,32.58,5.18,134.8,35.4,10.62,0.24,20.21
2018,124,32.77,5.6,129.2,37.82,11.35,0.34,23.23
2018,125,34,3.03,283.6,27.88,8.88,0.07,24.19
2018,126,34.29,3.21,319.7,21.26,6.85,0,21.83
2018,127,33.99,4.7,316.5,21.54,6.84,0,24.81
2018,128,30.93,5.73,305.4,31.24,8.5,2.71,22.06
2018,129,31.1,5.18,299.8,31.09,8.34,0.3,19.71
2018,130,32.41,3.94,278.1,26.1,7.5,0.01,25.03
2018,131,34.71,4.31,286,20.58,6.61,0,25.27
2018,132,36.68,2.28,265,19.24,7.09,0,23.01
2018,133,35.83,2.93,107.6,21.4,7.65,0.7,22.05
2018,134,33.09,4.04,312.2,26.96,7.72,0.2,20.95
2018,135,34.26,2.57,201.6,22.5,7.28,0,18.77
2018,136,34.79,5.98,311.7,23.93,8.1,0.39,23.01
2018,137,35.62,5.31,312,18.7,6.06,0,21.13
2018,138,35.44,4.04,315.9,19.37,6.93,0.01,22.73
2018,139,35.66,2.97,303,22.4,7.69,0.03,20.25
2018,140,35.7,4.96,316,17.34,6.02,0,23.42
2018,141,36.07,5.21,320.9,13.28,4.75,0,26.1
2018,142,37.1,4.59,321.8,13.25,5.16,0,25.54
2018,143,37.57,2.41,1,13.95,5.44,0,24.43
2018,144,37.04,4.47,333.5,9.31,3.51,0.01,22.27
2018,145,36.48,4.68,303.4,8.92,3.2,0,26.71
2018,146,36.98,4.09,294.5,8.9,3.33,0,27.63
2018,147,37.69,4.5,270.9,7.27,2.86,0,25.72
2018,148,37.01,3.53,294.5,10.17,3.95,0.01,24.12
2018,149,37.91,3.63,174.8,10.96,4.35,0,25.05
2018,150,35.66,6.3,144.4,21.76,7.8,0.01,20.47
2018,151,37.32,3.39,187.9,24.59,9.68,0.01,23.37
2018,152,37.67,5.87,142,23.16,9.05,1.57,24.41
2018,153,33.29,4.85,125.3,47.95,14.94,9.69,20.96
2018,154,34.5,3.89,109.4,37.12,12.11,0.02,24
2018,155,35.8,5.43,127.4,35.77,13,0,23.72
2018,156,37.21,5.46,122.6,34.95,13.84,0.38,21.67
2018,157,34.81,3.1,82.1,48.42,17,15.29,14.97
2018,158,35.57,3.12,82.2,45.96,16.51,0.15,22.57
2018,159,36.73,4.11,125.6,37,14.07,0.25,20.51
2018,160,34.49,4.24,111.6,53.38,18.54,11.97,17.76
2018,161,33.86,2.96,298.2,55.34,18.07,2.07,21.46
2018,162,35.63,5.48,287.4,42.07,15.19,0,23.24
2018,163,37.23,5.88,288,31.12,11.79,0,22.42
2018,164,37.29,7.16,275.3,30.83,12.27,0,21.36
2018,165,36.26,6.88,267.3,33.21,12.84,1.35,20.02
2018,166,35.57,6.87,263.2,36.38,13.49,0.01,21.25
2018,167,35.75,6.1,275.1,38.02,13.95,0.43,20.46
2018,168,34.59,4.15,308.8,43.32,14.9,0.24,21.04
2018,169,34.56,5.87,313.8,39.7,13.28,0,20.75
2018,170,34.78,4.09,297.6,39.03,13.18,0.02,25.28
2018,171,36.56,3.19,311.4,35.43,13.27,0,23.42
2018,172,37.59,4.03,308,32.21,12.85,0.01,22.92
2018,173,38.33,3.26,310.8,27.13,11.2,0.25,25.31
2018,174,38.93,5.35,312,24.39,10.52,0.01,21.08
2018,175,37.68,5.1,306.7,25.36,10.04,0,21.93
2018,176,38.06,4.65,298.2,26.47,10.83,0.07,23.12
2018,177,34.14,4.89,253,44.38,15.2,1.51,7.77
2018,178,33.91,2.99,108,49.98,16.61,4.74,18.54
2018,179,31.74,5.98,118,64.48,19.12,7.79,20.25
2018,180,33.38,6.2,131.2,52.49,16.75,1.9,18.54
2018,181,33.24,2.81,186.2,53.89,17.37,1.78,21.78
2018,182,34.36,4.32,270.5,52.14,17.8,2.26,19.63
2018,183,33.32,5.28,266.5,62.33,20.31,23.38,17.32
2018,184,32.66,3,257.3,59.85,18.66,3.13,19.58
2018,185,32.29,5.63,294.1,60.06,18.5,2.71,21.58
2018,186,33.46,4.24,304.9,52.1,16.76,3.1,20.12
2018,187,33.93,4.08,295.1,46.23,14.98,0,23
2018,188,34.46,4.23,308.6,43.44,14.55,0,22.17
2018,189,35.45,3.72,319.6,40.93,14.48,0.04,23.43
2018,190,35.89,4.3,138.2,45.83,17,0.31,20.39
2018,191,34.8,4.14,133.7,54.01,18.8,3.58,20.58
2018,192,33.53,3.36,123,57.59,18.95,7.96,13.16
2018,193,32.77,3.38,160.4,63.8,20.01,5.96,16.59
2018,194,30.74,3.01,158.9,70.53,20.12,7.49,12.55
2018,195,29.05,2.13,114.3,81.72,21.23,21.23,12.33
2018,196,30.21,3.22,115.9,73.34,20.21,2.37,17.05
2018,197,30.73,3.35,124.6,74.87,21.17,13.07,14.3
2018,198,32.62,2.91,109.7,63.62,19.65,2.73,19.64
2018,199,33.93,2.17,78.4,55.77,18.4,0.24,21.92
2018,200,32.68,1.76,69.7,62.13,19.5,1.94,21.47
2018,201,31,1.5,358.4,71.72,20.66,9.55,10.15
2018,202,30.11,2.14,204.1,77.74,21.26,16.77,13.1
2018,203,28.86,3.87,139.1,83.42,21.34,13.37,12.86
2018,204,30.65,2.39,152.8,72.22,20.17,5.41,18.06
2018,205,31.11,2.18,183.2,72.53,20.85,21.24,18.75
2018,206,30.15,1.95,229.6,81.09,22.26,18.21,7.06
2018,207,27.94,1.47,297.4,90.3,22.01,47.68,4.8
2018,208,28.24,1.74,32.2,88.19,21.81,46.12,5.29
2018,209,28.24,3.65,291.1,87.2,21.53,59.09,12.91
2018,210,29.06,3.99,277.2,81.53,20.95,4.93,18.53
2018,211,28.91,3.73,292.2,82.7,21.2,3.76,15.07
2018,212,29.11,3.05,270.8,80.45,20.82,1.71,13.14
2018,213,28.91,3.86,264.5,79.19,20.12,2.23,21.84
2018,214,28.75,4.29,271.8,78.34,19.77,3.92,19.27
2018,215,28.66,4.2,267.2,76.47,19.11,11.74,16.81
2018,216,27.59,2.89,247.5,81.74,19.34,8.38,15.66
2018,217,27.16,2.42,206.9,85.85,19.89,8.93,7.67
2018,218,27.3,1.62,252.6,78.5,18.16,3.46,9.01
2018,219,27.69,2.35,99.6,81.78,19.52,4.6,14.13
2018,220,28.47,3.93,129.3,81.99,20.45,5.11,18.53
2018,221,29.55,2.38,126.7,78.82,20.85,0.44,22.45
2018,222,30.15,2.14,254.2,77.37,21.2,1.56,19.8
2018,223,29.28,2.77,265,82.95,21.67,12.52,18.04
2018,224,29.28,3.37,264.6,78.24,20.43,8.34,11.54
2018,225,28.19,2.5,301.5,82.85,20.38,12.6,17.34
2018,226,29.21,2.33,288.2,79.46,20.71,3.97,17.48
2018,227,29.92,1.3,189.4,78.75,21.21,4.91,13.88
2018,228,29.71,1.04,144.4,76.6,20.31,0.75,18.78
2018,229,29,2.98,117.6,83.29,21.48,0.19,21.57
2018,230,29.48,2.01,163.5,81.65,21.59,0.28,18.76
2018,231,29.35,2.34,275.4,82.08,21.6,3.95,10.64
2018,232,29.37,0.94,154.1,80.58,21.11,6.31,14.83
2018,233,28.76,2.78,137.1,85.95,21.81,1.47,20.56
2018,234,29.07,1.99,188.1,83.62,21.56,1.67,14.92
2018,235,28.34,2.46,261.8,84.8,21.04,6.31,13.6
2018,236,28.4,3.41,274,84.69,21.07,36.15,11.05
2018,237,28.75,3.19,281.6,80.7,20.39,8.7,14.57
2018,238,28.46,2.44,308.7,79.23,19.64,4.53,19.01
2018,239,28.85,1.11,346.6,81.89,20.88,12.88,11.49
2018,240,28.13,1.27,60.3,89.76,22.05,24.3,13.7
2018,241,28.17,3.69,142.3,87.6,21.41,8.92,12.41
2018,242,28.6,2.64,287.5,83.4,20.94,4.78,16.23
2018,243,28.14,2.34,264,81.09,19.7,4.08,15.74
2018,244,26.49,2.6,24.8,86.67,19.29,11.62,9.78
2018,245,26.89,2.33,334.7,86.82,19.76,4.14,9.45
2018,246,27.2,1.17,312.5,87.18,20.14,33.92,7.45
2018,247,27.44,2.31,313,83.59,19.53,6.77,10.95
2018,248,27.55,2.58,293.1,83.32,19.63,2.92,10.01
2018,249,28.52,2.24,291.3,77.17,19.12,4.18,17.91
2018,250,27.7,2.79,136.8,87.37,20.82,7.16,14.25
2018,251,27.69,3.35,80,83.44,19.72,8.06,12.34
2018,252,26.95,4.36,121.2,88.18,19.99,0.31,17.95
2018,253,27.54,2.08,136,86.14,20.19,0.1,16.34
2018,254,27.66,2.59,261.2,84.27,19.89,3.73,17.23
2018,255,27.36,4.08,271.5,82.96,19.29,7.38,19.9
2018,256,26.64,3.42,265,81.61,18.15,4.6,21.32
2018,257,26.45,3.15,279.5,77.59,16.96,0.07,21.3
2018,258,26.7,3.18,291.3,74.72,16.53,0,21.18
2018,259,26.03,4.14,300.9,78.39,16.77,0,21.7
2018,260,26.55,3.79,304.4,76.82,16.91,0,20.02
2018,261,25.67,4.16,312,74.74,15.54,0,21.41
2018,262,25.61,3.76,317.3,74.37,15.48,0,21.49
2018,263,26.19,1.46,74,76.93,16.54,0.04,21.07
2018,264,26.76,3.6,119.7,85.74,19.12,1.88,16.86
2018,265,24.84,4.84,82.4,92.8,18.64,17.53,6.5
2018,266,25.46,6.64,109.9,90.52,18.82,13.32,9.22
2018,267,25.25,4.95,121.3,94.45,19.52,39.35,5.67
2018,268,25.19,4.06,287.9,88.05,17.96,4.98,11.31
2018,269,24.84,3.87,300.4,83.63,16.6,0,20.91
2018,270,25.03,2.66,284.2,75.65,15.21,0,20.32
2018,271,25.9,2.08,295.5,66.84,14.02,0,20.96
2018,272,25.37,2.65,303.2,68.69,13.9,0,21.4
2018,273,24.26,3.63,302.8,75.44,14.36,0,20.48
2018,274,24.7,2.76,300.6,75.06,14.61,0,20.48
2018,275,24.71,2.49,308.4,71.83,13.98,0,20.69
2018,276,25.86,1.05,310,64.92,13.63,0,20.11
2018,277,25.16,1.51,7.6,69.47,13.79,0.01,18.71
2018,278,24.33,1.93,321.1,68.53,12.89,0,19.5
2018,279,23.54,2.63,307.8,73.4,13.32,0.06,19.24
2018,280,23.61,2.07,321.3,70.4,12.75,0.02,18.98
2018,281,24.18,1.87,342.7,67.42,12.54,0,19.23
2018,282,24.67,3.19,110.3,74.6,14.71,0,18.86
2018,283,24.39,3.65,116.8,83.86,16.23,0.04,17.9
2018,284,24.49,3.35,129.5,83.81,16.23,2.6,14.37
2018,285,23.68,1.25,2.8,76.67,13.87,0.02,16.93
2018,286,21.48,2.77,325.6,70.96,11.28,0,17.85
2018,287,21.06,3.52,303.1,67.06,10.32,0,18.49
2018,288,21.95,2.16,318.1,63.88,10.43,0,18.22
2018,289,23.04,1.65,86.8,64.08,11.04,0,14.85
2018,290,24.29,2.24,72.7,61.98,11.6,0,18.33
2018,291,23.79,2.76,133,71.74,13.15,0,16.24
2018,292,22.98,1.69,356,66.18,11.47,0,17.33
2018,293,22.4,2.47,347.4,62.09,10.25,0,16.66
2018,294,22.04,2.86,333.4,60.04,9.7,0.18,14.88
2018,295,21.14,3.35,317.8,58.12,8.82,0,17.26
2018,296,20.93,2.85,328.3,57.04,8.57,0,17.6
2018,297,21.69,1.43,3.2,52.91,8.45,0,16.76
2018,298,21.36,1.89,1.2,56.04,8.64,0,16.36
2018,299,21.43,2.21,4.4,57.25,8.87,0,13.89
2018,300,21.91,2.59,345.9,57.75,9.35,0,14.68
2018,301,21.88,2.93,337.1,57.7,9.25,0,15.69
2018,302,22.42,2.96,331,58.4,9.75,0,16.15
2018,303,22.09,1.87,344.7,60.88,9.97,0,14.93
2018,304,22.45,1.86,354.6,60.08,9.82,0,13.36
2018,305,22.72,1.21,71.6,55.17,9.24,0,12.33
2018,306,21.86,2.02,120,60.16,9.61,0,12.94
2018,307,21.06,4.01,122.8,74.53,11.62,0.27,12.48
2018,308,21.26,3.17,91.3,75.15,11.67,0.52,14.08
2018,309,17.98,2.5,311.6,56.24,6.93,0,12.67
2018,310,17.38,4.8,306.1,55.54,6.7,0,14.7
2018,311,17.37,2.8,307.3,44.51,5.17,0,15.7
2018,312,19.5,1.21,15.8,51.26,7.12,0,13.33
2018,313,19.71,1.27,339.5,51.91,7.22,0,12.24
2018,314,19.46,1.25,14.5,48.49,6.6,0,11.28
2018,315,19.25,1.72,347.4,50.6,6.99,0,12.19
2018,316,20.8,2.26,325.2,43.75,6.57,0,14.04
2018,317,21.11,1.24,20.7,50.76,7.8,0.01,10.75
2018,318,21.63,1.17,83.4,53.09,8.46,1.22,10.46
2018,319,19.64,3.15,319.7,60.6,8.49,0.35,12.44
2018,320,17.58,5.83,297.8,58.05,6.85,0,14.02
2018,321,17.8,5.03,295.1,48.76,5.93,0,13.08
2018,322,20.04,1.24,210,40.38,5.73,0,12.94
2018,323,19.22,2.41,118.7,57.6,7.94,0,9.87
2018,324,19.66,3.3,304.4,54.18,7.49,0,12.93
2018,325,18.42,4.66,301.4,50.05,6.28,0,12.67
2018,326,18.45,1.88,310,43.28,5.54,0,11.79
2018,327,17.58,5.64,306.6,50.84,6.05,0,12.53
2018,328,17.24,5.62,299.6,48.62,5.61,0,14.73
2018,329,18,3.15,316.9,45.67,5.66,0,13.71
2018,330,18.49,3.18,322.2,45.98,5.87,0,12.78
2018,331,19.89,1.3,101.4,46.98,6.68,0,11.49
2018,332,19.54,1.15,224.7,58.57,8.24,0,9.64
2018,333,17.31,3.77,305.8,59.86,7.13,0,10.23
2018,334,17.01,4.17,306.1,54.66,6.3,0,11.45
2018,335,16.95,4.22,296.9,46.1,5.28,0,13.14
2018,336,17.82,1.95,311.6,42.48,5.3,0,12.4
2018,337,16.24,3.37,316.7,49.13,5.48,0,12.17
2018,338,16.13,2.63,317.1,50.27,5.58,0,10.93
2018,339,15.82,3.09,310.1,50.7,5.5,0,11.19
2018,340,15.85,3.23,319.5,51.4,5.62,0,11.54
2018,341,14.52,3.88,310.5,57.54,5.69,0,11.5
2018,342,14.57,2.72,316.3,53.43,5.29,0,11.77
2018,343,15.42,2.36,322.4,49.48,5.25,0,10.77
2018,344,16.3,1.93,114.7,47.83,5.35,0,10.05
2018,345,17.11,1.08,6.9,45,5.35,0,8.8
2018,346,14.36,3.25,87.4,65.4,6.66,0.57,6.94
2018,347,13.34,2.22,331.4,75.14,7.06,0.05,8.75
2018,348,13.08,2.7,315.3,66.95,5.9,0,12.13
2018,349,13.21,3.38,312.4,61.31,5.38,0,13.11
2018,350,12.56,2.36,320.5,52.32,4.39,0,12.92
2018,351,12.64,2.57,317.7,49.22,4.2,0,10.52
2018,352,12.31,4.1,304.5,44.4,3.69,0,13.72
2018,353,11.75,3.65,306,43.85,3.58,0,12.94
2018,354,11.87,3.03,313.2,42.85,3.51,0,13.26
2018,355,10.59,3.39,299.2,44.05,3.3,0,12.38
2018,356,11.77,1.71,312.3,38.67,3.14,0,11.3
2018,357,12.58,1.48,127.5,39.47,3.47,0,10.05
2018,358,11.22,3.01,319.7,45.72,3.6,0,11.31
2018,359,10.2,5.1,303.9,45.92,3.37,0,11.28
2018,360,10.17,3.91,303.7,45.07,3.28,0,11.66
2018,361,11.1,3.04,304.6,42.38,3.32,0,12.32
2018,362,8.44,4.73,304.3,47.18,3.07,0,13.03
2018,363,9.44,4.13,305,43.05,2.99,0,13.44
2018,364,11.25,2.47,328.6,42.24,3.35,0,11.75
2018,365,10.93,4.49,307.3,45.72,3.46,0,12.39
2019,1,11.31,2.47,316.4,43.78,3.53,0,12.28
2019,2,13.77,1.41,46.7,42.03,3.99,0,11.7
2019,3,11.82,4.11,301.8,53.53,4.47,0,10.66
2019,4,11.24,2.67,301,56.84,4.56,0,8.07
2019,5,12.97,2.37,113.6,50.49,4.49,0,10.88
2019,6,12.53,3.23,20.9,62.83,5.62,0.82,6.55
2019,7,12.52,2.91,320.5,65.42,5.62,0,10.4
2019,8,12.14,3.53,293.7,60.14,4.98,0,11.82
2019,9,12.39,5.11,296.7,51.06,4.38,0,13.39
2019,10,12.36,3.64,299.1,46.98,3.94,0,12.79
2019,11,14.24,1.31,47.2,40.92,3.89,0,11.21
2019,12,14.91,1.64,125.3,42.58,4.46,0,10.18
2019,13,13.52,3.45,354.7,61.27,5.72,0.01,8.75
2019,14,11.72,6.01,306.1,44.51,3.52,0,14.95
2019,15,10.56,4.63,293.9,36.17,2.58,0,11.24
2019,16,13.4,1.23,299.3,31.03,2.86,0,11.47
2019,17,12.1,2.6,312.4,37.77,3.12,0,12.76
2019,18,12.47,2.59,303.8,49.52,4.19,0,12.96
2019,19,14.33,3.4,301.6,42.57,4.01,0,12.78
2019,20,17.84,1.23,114.8,36.94,4.53,0,12.81
2019,21,15.9,5.62,114.1,52.91,5.82,12.43,6.18
2019,22,13.55,5.27,108.4,79.2,7.68,25.78,7
2019,23,13.98,2.08,342.6,70.2,6.76,0.12,10.21
2019,24,13.82,2.78,351.6,61.86,5.8,0.02,9.24
2019,25,10.67,3.5,334.6,64.92,5.12,1.46,11.63
2019,26,9.82,3.17,318.5,57.17,4,0.05,15.3
2019,27,9.71,4.29,307.7,53.58,3.81,0.02,11.13
2019,28,9.61,4.47,308,48.21,3.33,0,15.42
2019,29,10.22,4.68,299.5,44.58,3.15,0,16.69
2019,30,10.81,2.76,309.5,44.53,3.54,0,12.72
2019,31,13.46,3.57,132.9,44.51,3.97,0.07,9.92
2019,32,13.72,2.36,159.7,53.05,4.83,0.03,11.07
2019,33,12.46,2.73,304.7,55.56,4.8,0,8.21
2019,34,12.8,2.45,295.7,57.28,4.95,0,8.82
2019,35,13.87,2.55,309,50.45,4.73,0,12.07
2019,36,17.21,1.42,93.1,49.57,5.75,0.04,9.8
2019,37,17.07,3.16,134.2,69.77,8.51,3.22,11.05
2019,38,16.44,7.19,131.9,78.67,9.09,10.35,5.15
2019,39,13.4,3.26,318.7,60.61,5.41,0.85,16.75
2019,40,12,4.49,302.4,52.98,4.32,0,17.11
2019,41,12.57,2.81,302.7,50.13,4.34,0,13.44
2019,42,13.92,1.98,308.2,48.35,4.55,0,13.6
2019,43,15.18,1.28,348.4,47.09,4.85,0,13.59
2019,44,16.75,1.33,121.8,42.89,4.96,0,12.02
2019,45,16.43,4.84,111.2,57.49,6.66,1.93,7.42
2019,46,14.82,2.63,119.9,85.65,9.07,7.59,10.09
2019,47,15.08,2.45,328.6,73.69,7.61,0.07,8.76
2019,48,14.64,4.44,301.1,60.5,5.8,0,15.24
2019,49,16.59,2.48,206.8,49.81,5.48,0.7,11.83
2019,50,17.85,2.18,346.3,52.62,6.51,0.49,13.55
2019,51,17.89,3.84,108,57.43,7.31,1.77,5.68
2019,52,20.17,3.82,132.7,53.31,7.61,0.67,14.18
2019,53,18.55,3.66,311.6,59.54,7.82,0.02,15.35
2019,54,14.45,4.91,303.6,53.36,5.2,0,19.46
2019,55,15.75,3.46,297,44.83,4.63,0,18.01
2019,56,16.3,1.69,71.1,42.63,4.57,0,16.47
2019,57,16.05,3.44,157.7,46.48,4.99,2.24,9.69
2019,58,12.95,3.36,346.3,65.04,5.86,2.28,13.49
2019,59,13.49,4.22,315.3,51.74,4.58,0,19.99
2019,60,14.97,3.47,317.3,44.93,4.35,0,19.43
2019,61,16.25,2.64,91.5,54.99,5.85,5.43,6.11
2019,62,17.15,3.76,134.5,65.14,7.54,0.2,12.96
2019,63,17.53,3.09,301.7,61.79,7.57,0.56,14.92
2019,64,16.82,3.77,304.9,54.77,6,0.02,19.45
2019,65,16.52,4.12,302.3,49.91,5.45,0,21.77
2019,66,17.64,3.72,310.3,44.49,5.12,0,20.18
2019,67,18.81,3.43,355.2,44.62,5.69,0,18.35
2019,68,19.1,4.17,321,44.53,5.9,0,19.3
2019,69,19.09,2.91,292.1,45.61,5.7,0,21.87
2019,70,20.76,4.83,126.7,42.8,6.36,0.34,18.13
2019,71,20.17,3.14,323.6,49.12,6.86,0.01,15.92
2019,72,18.11,2.53,330.7,43.54,5.53,0,9.19
2019,73,19.31,3.39,335.5,45.8,6.09,0.95,13.02
2019,74,18.9,3.27,323.3,51.34,6.31,0,21.69
2019,75,19.59,3.31,302.1,45.08,5.9,0,20.58
2019,76,20.39,2.25,284.9,39.42,5.44,0,21.24
2019,77,20.83,2.79,289.7,42.3,5.96,0,21.79
2019,78,22.16,4.24,315,41.28,6.27,0,22.62
2019,79,23.82,4.54,137.4,38.62,6.61,0.35,20.35
2019,80,23.57,2.31,332.1,41.76,7.06,0.03,20.93
2019,81,22.37,5.44,316.2,33.18,5.1,0,23.66
2019,82,22.16,6.49,313.4,36.97,5.59,0,23.01
2019,83,24.23,5.01,323,41.79,7.12,0,22.77
2019,84,23.19,3.17,317.6,44.96,7.67,0.14,19.39
2019,85,23.18,5,303.9,37.16,5.98,0,24.44
2019,86,23.6,4.44,302,35.08,5.78,0,20.11
2019,87,26.11,4.32,308.1,34.23,6.82,0,21.88
2019,88,27.93,4.33,316.3,37.54,8.31,0,22.63
2019,89,29.01,1.93,355.9,34.86,8.12,0.07,22.43
2019,90,26.83,5,309.4,25.82,5,0,23.46
2019,91,25.23,5.36,304.2,26.6,4.74,0,25.89
2019,92,26.63,3.81,308.1,25.38,5.03,0,25.1
2019,93,27.81,4.06,301.2,25.96,5.55,0,25
2019,94,29.21,3.07,324.6,29.94,6.98,0,24.16
2019,95,30.71,2.91,344.1,30.66,7.91,0,23.44
2019,96,31.64,3.15,311.4,30.87,8.35,0,23.33
2019,97,30.7,3.34,110.1,30.1,7.88,0.01,19.96
2019,98,29.43,2.7,149.5,30.31,7.41,1.36,22.65
2019,99,29.4,3.31,336.7,28.46,6.67,0.4,23.88
2019,100,31.21,3.29,327.6,26.39,7.17,0,23.36
2019,101,31.42,4.34,328.6,28.03,7.43,0,23.14
2019,102,31.59,4.54,322.8,26.03,7.21,0.01,20.75
2019,103,31.6,5.13,322.9,30.9,8.32,0.08,24.39
2019,104,32.15,5.26,314.6,28.79,7.97,0,24.88
2019,105,33.28,6.08,308.8,26.35,7.86,0,23.64
2019,106,28.1,5.53,260.4,44.35,10.26,0.2,10.25
2019,107,23.91,4.79,146.5,60.99,11.22,6.96,16.29
2019,108,24.69,2.16,340.4,56.5,10.11,3.22,22.65
2019,109,26.46,3.06,298.1,40.11,8.22,0,24.57
2019,110,27.72,2.74,291.7,36.44,8.02,0,24.51
2019,111,30.03,4.65,309.4,31.58,7.73,0,25.55
2019,112,31.75,4.68,314.2,29.21,8.16,0,25.9
2019,113,33.07,4.33,346.4,29.67,8.55,0,25.53
2019,114,33.22,3.1,125.7,27.9,8.29,0,24.27
2019,115,34.47,2.87,188.4,22.73,7.31,0,22.58
2019,116,33.99,5.09,319.6,23.76,7.34,0.36,24.76
2019,117,34.01,7.82,319.1,19.79,6.03,0,26.52
2019,118,33.67,6.72,315.8,17.74,5.23,0,26.72
2019,119,34.03,4.28,311.9,15.27,4.71,0,26.3
2019,120,34.43,4.55,171.6,13.97,4.57,0,26.09
2019,121,34.22,3.24,218.3,14.34,4.51,0,25.68
2019,122,33.75,5.24,113.5,20.98,6.38,0.11,22.97
2019,123,33.26,3.39,9.3,20.96,6.2,0.79,23.54
2019,124,31.88,5.71,316.7,17.95,4.66,0.61,26.18
2019,125,32.24,6.71,313,14.56,3.99,0,28.62
2019,126,33.23,6.23,307.2,12.59,3.68,0,28.39
2019,127,34.02,5.47,287.4,11.64,3.53,0,25.5
2019,128,34.92,5.97,296,13.21,4.23,0,25.7
2019,129,35.32,5.76,288.7,16.99,5.79,0,24.97
2019,130,35.72,5.42,285.7,21.14,7.49,0,25.98
2019,131,34.44,8.43,308.7,26.49,8.46,0,24.66
2019,132,33.76,4.71,297.7,26.75,8.12,0,20.77
2019,133,34.04,3.22,296.4,23.98,7.95,0.13,21.51
2019,134,32.33,4.51,311.7,33.81,9.88,1.08,23.93
2019,135,33.76,2.45,271.2,27.1,8.46,0,18
2019,136,33.48,4.3,259.4,29.32,9.23,2.53,20.27
2019,137,32.53,4.19,271.7,36.43,10.71,2.98,23.02
2019,138,29.38,3.64,284.2,49,12.29,2.61,25.43
2019,139,31.61,5.38,288.1,34.85,9.46,0,27.12
2019,140,33.53,5.59,300.2,26.99,8.21,0,26.26
2019,141,33.78,6.44,282,25.7,7.86,0,23.53
2019,142,34.45,4.08,286.4,24.97,8.02,0,18.26
2019,143,34.36,3.5,337.4,28.35,9.52,1.4,22.57
2019,144,33.61,4.26,317,34.88,11.42,0.15,22.53
2019,145,32.86,7.19,301.4,30.79,9.35,0,27.99
2019,146,33.6,4.9,294.1,24.16,7.23,0,28.36
2019,147,34.92,6.26,299.7,19.22,6.01,0,27.65
2019,148,35.33,6.17,302,14.36,4.73,0,28.09
2019,149,36.97,5.35,297.3,16.77,6.1,0,28.58
2019,150,38.19,5.2,293.3,14.59,5.66,0,27.42
2019,151,38.55,4.27,301.5,12.69,5.06,0,26.37
2019,152,39.17,3.17,278.2,16.22,6.67,0,26
2019,153,39.17,5.85,141.3,14.89,6.51,0,25.99
2019,154,37.88,5.6,139.3,17.54,7.08,0.03,24.51
2019,155,37.76,4.32,122.2,23.95,9.14,0.05,24.54
2019,156,38.95,3.92,130.2,17.49,7.53,0,24.24
2019,157,38.42,4.07,116,18.39,8.02,0.9,23.63
2019,158,36.67,4.68,264.7,18.19,6.95,0.21,25.65
2019,159,37.99,4.44,299.4,14.39,5.81,0,27.07
2019,160,38.67,5.95,303.5,15.1,6.29,0,27.1
2019,161,39.41,4.71,300.2,12.96,5.6,0,25.63
2019,162,39.95,4.39,279.7,14.08,6.41,0,22.74
2019,163,39.86,4.44,152.5,18.36,8.27,1.06,24.18
2019,164,37.81,3.43,283.1,25.9,10.52,0.06,24.47
2019,165,37.74,4.93,296.9,15.09,5.58,0,27.25
2019,166,38.14,5.84,284.4,21.37,8.81,0,24.58
2019,167,37.3,6.3,283.4,31.59,12.52,0.04,14.87
2019,168,34.64,6.62,276.8,43.13,14.48,0.52,10.87
2019,169,33.39,4.92,306.1,47.47,14.81,3.44,18.16
2019,170,34.28,4.28,248.1,37.89,12.23,0,23.25
2019,171,34.23,3.56,254.4,38.79,12.53,0,25.62
2019,172,36.11,2.63,309.9,27.2,9.77,0,21.49
2019,173,37.03,2.51,329.4,25.06,9.46,0,24.69
2019,174,36.67,6.34,124.6,35.52,13.18,0.91,25.08
2019,175,33.9,5.01,114.5,53.34,17.57,3.06,18.99
2019,176,35.61,2.4,291.3,46.2,16.69,0.42,20.17
2019,177,37.65,4.99,307.8,33.93,13.69,0.06,22.91
2019,178,37.33,5.67,295.2,29.91,11.91,0,22.55
2019,179,37.66,5.61,299.8,32.22,12.93,0,22.02
2019,180,38.44,5.4,290.3,28.96,11.97,0,23.82
2019,181,39.12,3.89,330.9,26.86,11.63,0.2,22.01
2019,182,38.67,3.27,348.2,27.19,11.61,1.05,23.86
2019,183,38.84,3.87,355.7,25.18,10.87,0.04,20.22
2019,184,36.31,3.92,167.3,42.74,16.53,10.49,21.5
2019,185,36.18,2.86,234.5,42.35,15.93,0.81,12.29
2019,186,34.68,2.34,271.7,49.73,17.28,12.31,10.4
2019,187,34.28,3.76,101,54.43,18.11,1.68,19.88
2019,188,33.75,3.28,177.9,55.75,18.57,9.9,18.62
2019,189,35.87,2.6,281.6,49.96,18.34,2.33,18.68
2019,190,33.65,4.62,265.6,58.46,19.42,15.79,12.89
2019,191,34.08,4.79,273.4,55.54,18.38,10.78,18.07
2019,192,34.67,4.65,274.9,51.98,17.87,5.1,17.31
2019,193,34.86,5.38,270.2,47.17,16.5,0.61,17.53
2019,194,34.63,6.73,281.2,47.3,16.28,3.72,19.24
2019,195,33.85,4.7,287.6,50.2,16.23,3.73,19.92
2019,196,32.4,2.66,263.3,62.2,19.23,20.61,13.51
2019,197,31.38,1.9,251.3,66.52,19.23,13.06,14.95
2019,198,30.78,1.82,291.7,66.25,18.61,11.74,16.09
2019,199,30.34,1.61,195.5,69.05,18.98,2.58,11.17
2019,200,32.7,2.08,165.1,59.08,18.37,0.22,22.41
2019,201,33.24,2.17,168.4,57.15,18.2,1.42,17
2019,202,32.91,3.53,163.1,61.35,19.43,4.89,17.46
2019,203,33.71,2.09,206.2,59.07,19.32,1.63,20.18
2019,204,33.4,2.78,294.7,61.17,19.96,8.48,20.73
2019,205,34.8,3.52,284.8,56.11,19.13,10.36,17.91
2019,206,29.58,3.38,249.1,82.18,21.94,21.33,7.95
2019,207,29.07,3.2,112.2,80.14,20.64,9.78,9.62
2019,208,28.48,5.54,117.1,82.96,20.68,23.54,10.99
2019,209,29.2,5.57,108.7,80.57,20.84,3.22,17.36
2019,210,30.34,5.24,118.5,75.97,20.84,0.36,19.82
2019,211,30.75,3.87,116.1,72.09,20.13,0.86,16.69
2019,212,30.32,3.16,133.2,72.5,19.9,0.18,16.43
2019,213,30.63,3.99,131,70.86,19.81,0.24,18.4
2019,214,29.56,3.39,102,79.9,21.12,20.49,12.55
2019,215,28.79,3.52,96.6,83.68,21.27,3.05,12.73
2019,216,28.06,3.9,58.2,89.8,22.12,8.16,13.57
2019,217,31.15,1.72,152.8,74.02,21.42,7.47,15.49
2019,218,30.88,1.51,132.6,78.15,22.47,33.39,4.47
2019,219,29.97,1.65,126.2,79.53,21.52,3.4,14.62
2019,220,30.57,2.07,136.7,74.42,20.75,0.36,21.61
2019,221,29.7,6.13,97.6,78.42,20.96,0.55,17.08
2019,222,28.94,5.47,120.5,80.31,20.47,0.68,16.35
2019,223,30.13,2.38,149.1,77.67,21.21,2.71,21.11
2019,224,30.85,1.73,292.5,74.99,21.38,0.57,16.16
2019,225,31.52,2.29,330.4,73.67,21.85,3.09,12.6
2019,226,30.59,3.31,126.3,76.58,21.46,8.02,18.7
2019,227,29.01,3.74,97.3,83.38,21.34,7.09,18.52
2019,228,28.29,4.99,93.1,81.63,20.03,4.19,15.43
2019,229,27.97,5.01,118.6,87.9,21.38,5.78,9.63
2019,230,27.96,2.98,159.4,87.38,21.18,17.1,10.32
2019,231,29.62,0.79,332.5,78.45,20.64,4.2,19.78
2019,232,28.8,3.49,328.8,79.88,20.06,0.3,20.92
2019,233,28.6,4.08,319.3,75.43,18.46,0.46,21.84
2019,234,28.92,2.67,354,70.29,17.54,0.42,17.08
2019,235,29.86,1.85,324.3,67.03,17.69,0.57,20.32
2019,236,30.96,2.52,348.2,64.47,18,0.15,11.17
2019,237,28.37,2.52,134.1,81.99,20.22,8.66,11.64
2019,238,29.47,2.29,79.4,72.83,18.91,0.03,21.32
2019,239,30.77,1.5,80.8,68.6,19.16,0.01,21.22
2019,240,31.3,2.09,123.5,71.37,20.69,0,21.94
2019,241,31.53,1.92,165,68.68,20.07,0.64,19.49
2019,242,30.25,1.36,197.5,74.85,20.6,0.75,20.64
2019,243,31.51,1.29,338.5,69,20.33,22.26,19.55
2019,244,29.87,2.29,164.3,82.2,22.17,18.25,11.92
2019,245,29.22,2.14,327,82.41,21.45,0.19,19.17
2019,246,30.84,1.88,344.5,71.74,20.27,0.66,16.05
2019,247,30.34,2.19,94.5,76.33,20.95,1.7,14.66
2019,248,30.57,1.96,148.3,74.36,20.62,0.56,15.86
2019,249,30.23,1.46,181.1,75.93,20.92,1.75,17.01
2019,250,29.56,1.98,182.1,79.81,21.23,4.81,13.6
2019,251,29.8,1.13,59.4,78.61,21.13,4.23,18.99
2019,252,30.3,2.03,333.5,69.73,18.91,0.02,19.81
2019,253,30.05,2.61,336,65.81,17.61,0.28,18.46
2019,254,30.81,1.59,4.1,60.7,16.68,0.3,19.22
2019,255,31.28,1.74,85.8,61.04,17.33,0.11,15.92
2019,256,30.77,3.33,140,70.37,19.47,0.29,18.2
2019,257,30.78,3.59,132.1,69.12,19.18,0.24,14.49
2019,258,30.44,1.77,357.7,69.51,18.9,0.26,13.07
2019,259,30.56,3.36,332,64.23,17.55,1.16,17.97
2019,260,30.13,1.86,346,66.54,17.79,7.71,16.03
2019,261,30.21,2.4,131.7,62.97,16.62,0.02,19.39
2019,262,28.37,3.65,117,70.8,17.01,0.03,15.48
2019,263,28.97,3.14,119.8,69.77,17.4,0,16.92
2019,264,29.6,1.68,153.2,66.62,17.31,4.96,17.45
2019,265,28.27,2.63,165.5,76.61,18.47,12.6,9.81
2019,266,28.15,2.1,143.8,69.08,16.19,2.25,16.03
2019,267,28.19,2.51,129.6,70.97,16.87,0.55,14.64
2019,268,28.13,3.35,127.3,73.19,17.28,1.49,15.27
2019,269,27.27,3.93,112.2,75.57,17.12,1.89,14.83
2019,270,26.93,4.54,84.1,77.59,17.31,1.06,13.04
2019,271,26.73,4.98,86.8,77.83,17.13,5.88,12.39
2019,272,26.3,4.06,109.7,75.26,16.03,1.35,10.77
2019,273,26.09,3.31,152.8,77.36,16.41,1.58,12.6
2019,274,27.13,2.26,120.2,71.22,15.9,0.59,13.36
2019,275,27.32,1.43,338.5,67.99,15.31,0.79,17.46
2019,276,26.25,2.41,336.4,70.08,14.93,7.19,18.19
2019,277,25.63,3.14,333.6,68.68,13.83,3.52,17.79
2019,278,25.12,3.93,319.7,63.08,12.23,0,19.16
2019,279,25.3,3.21,312.2,62.51,12.42,0,18.82
2019,280,25.92,4.16,323.7,58.98,11.85,0,15.42
2019,281,25.51,3.19,311.8,55.88,10.91,0,18.97
2019,282,25.95,1.61,17.3,55.01,10.91,0,19.25
2019,283,25.66,2.19,358.7,54.16,10.65,0,18.46
2019,284,25.56,1.79,353.1,53.18,10.44,0,17.92
2019,285,25.77,2.85,353,57.55,11.59,0,16.86
2019,286,25.8,3.65,335.3,55.03,11.01,0,16.43
2019,287,26.07,2.88,356.5,57.72,11.83,0,16.46
2019,288,26.03,2.32,30.3,53.57,10.7,0,15.47
2019,289,25.66,2.39,32.9,52.54,10.18,0.04,15.15
2019,290,26.38,1.46,75.1,46.63,9.61,0,15.31
2019,291,26.15,2.4,121.5,58.23,11.88,0.47,14.69
2019,292,25.86,1.72,341.5,48.99,9.95,0.09,12.95
2019,293,24.38,3.52,322.9,47.26,8.46,0,14.64
2019,294,23.5,4.83,315.6,48.72,8.27,0,16.55
2019,295,23.12,4.65,308.1,47.24,7.82,0,15.61
2019,296,23.63,4,322.4,43.93,7.44,0,16.95
2019,297,23.27,2.22,52.6,49.66,8.4,0,15.7
2019,298,23.21,2.72,109.9,56.2,9.63,0,14.84
2019,299,23.22,2.06,236,58.3,9.96,0,14.49
2019,300,23.25,3.43,316.7,50.68,8.67,0,13.2
2019,301,23.49,2.66,320,52.46,9.04,0,10.84
2019,302,23.96,2.34,339,49.44,9.07,0,7.84
2019,303,24.63,3.52,319.7,43.52,8.25,0,8.93
2019,304,24.18,4.14,315.9,45.45,8.34,0,13.09
2019,305,23.73,2.35,324,48.21,8.4,0,12.34
2019,306,23.85,3.08,327.8,47.99,8.54,0,10.08
2019,307,23.34,4.37,313.5,52.49,9.07,0.05,6.51
2019,308,22.97,4.9,311.9,55.44,9.3,0.03,10.84
2019,309,22.34,5.72,300.1,50.02,7.9,0,14.49
2019,310,23.25,1.63,225,42.42,7.29,0,12.93
2019,311,21.19,3.09,114.2,59.41,9.46,0.45,5.19
2019,312,21.79,2.39,342.3,61.72,9.94,0.05,12.4
2019,313,22.29,3.29,317.5,49.52,7.98,0,14.08
2019,314,21.02,3.84,321.4,43.45,6.54,0,12.33
2019,315,19.58,3.77,316.6,40.2,5.55,0,11.58
2019,316,19.21,4.15,315.7,43.07,5.7,0,11.47
2019,317,20.21,2.58,313.8,45.83,6.65,0,9.42
2019,318,20.89,1.16,46.8,49,7.41,0,6.15
2019,319,20.01,2.73,340.5,53.91,7.46,0,10.1
2019,320,20.43,5.12,318.7,57.18,7.91,0,11.46
2019,321,20.8,6.66,302.9,51.38,7.39,0,14.19
2019,322,18.96,4.35,296.7,53.12,7,0,13.96
2019,323,19.26,2.6,306.1,49.45,6.67,0,13.38
2019,324,19.46,1.29,355.5,45.82,6.23,0,13.36
2019,325,19.06,1.83,21.2,48.76,6.36,0,10.64
2019,326,19.42,2.81,315.6,47.52,6.51,0,10.28
2019,327,20.82,4.35,312.6,53.01,8.07,0,8.86
2019,328,21.18,4.15,318,57.59,8.79,0,9.69
2019,329,21.73,1.97,326.6,48.95,7.83,0,10.98
2019,330,20.14,3.76,22.3,54.63,7.99,0.09,10.03
2019,331,20.19,4.08,125.6,58.4,8.57,1.17,8.74
2019,332,19.55,4.33,124.6,81.3,11.66,13.28,6.47
2019,333,18.16,2.82,87.6,74.97,9.7,3.38,9.9
2019,334,16.62,2.79,300.5,63.45,7.2,0,10.19
2019,335,15.31,3.15,300.3,52.98,5.51,0,10.45
2019,336,14.69,3.57,303.4,48.22,4.81,0,12.52
2019,337,14.92,3.96,303.8,47.38,4.62,0,14.03
2019,338,15.01,2.12,318.6,40.41,4.03,0,11.94
2019,339,16.06,1.29,19.5,38.94,4.28,0,9.95
2019,340,17.18,1.19,354.7,39.78,4.74,0,9.48
2019,341,17.18,2.08,101.1,46.38,5.51,0,9.78
2019,342,16.72,2.1,322.5,49.43,5.72,0,9.47
2019,343,15.12,1.78,319.2,50.21,5.24,0,8.94
2019,344,15.3,2.15,303.9,46.17,4.8,0,9.05
2019,345,16.07,1.33,36.6,43.65,4.89,0,7.37
2019,346,15.49,4.62,105.5,61.17,6.71,9.73,4.71
2019,347,14.86,3.89,154.6,88.66,9.46,27.87,3.12
2019,348,13.73,1.49,13.3,67.38,6.36,0.22,7.19
2019,349,13.21,2.27,316.2,59.05,5.46,0,9.36
2019,350,11.71,3.01,298.8,68.84,5.76,0,2.88
2019,351,10.83,3.01,304.6,66.9,5.22,0,3.74
2019,352,10.01,3.86,293.2,61.26,4.42,0,8
2019,353,10.53,2.21,288.1,54.87,4.24,0,5.69
2019,354,12.56,2.13,291.3,55,4.93,0,6.78
2019,355,14.4,3.25,314.3,62.33,6.16,0,6.64
2019,356,12.08,3.33,312.3,63.1,5.25,0,7.32
2019,357,11.48,3.1,304.9,53.33,4.22,0,7.45
2019,358,10.54,1.7,12.9,51.18,3.91,0,7.74
2019,359,9.71,2.94,306.8,53.96,3.75,0,6.84
2019,360,9.03,4.4,306.4,53.75,3.63,0,7.93
2019,361,7.33,2.31,310.5,61.41,3.72,0,7.99
2019,362,7.29,2,313.1,55.88,3.36,0,5.79
2019,363,8.79,1.84,356.2,51.07,3.41,0,6.83
2019,364,8.96,2.77,114,53.09,3.59,0,2.52
2019,365,8.18,3.35,136,55.16,3.57,0,7.41
2020,1,10.91,2.88,105.1,49.32,3.86,0,10.28
2020,2,12.86,3,104.8,71.31,6.48,0.16,10.87
2020,3,14.96,2.18,129.3,71.83,7.51,0.06,11.11
2020,4,13.71,3.04,293.4,63.75,6,0.33,9.07
2020,5,12.37,3.61,309.5,56.13,4.86,0,10.77
2020,6,13.13,3.5,354.7,58.81,5.38,0.22,5.41
2020,7,13.9,2.87,65,78.51,7.66,3.14,5.94
2020,8,12.22,2.45,24.7,89.37,8,10.04,2.21
2020,9,9.41,4.24,311.2,68.97,4.83,0.06,10.49
2020,10,8.77,3.67,309.6,56.65,3.67,0,13.63
2020,11,10.12,2.82,305.9,46.18,3.3,0,13.4
2020,12,13.01,2.28,241.2,39.29,3.53,0,13.3
2020,13,13.98,4.15,142,58.39,5.87,1.09,8.18
2020,14,13.53,2.46,348.5,73.56,6.93,0.03,8.24
2020,15,12.82,2.74,336.9,69.23,6.07,0,9.18
2020,16,12.5,2.43,14.8,81.13,7.31,4.57,4.34
2020,17,12.97,2.72,338.2,75.74,6.92,4.63,8.42
2020,18,12.87,2.31,341.8,67.29,6.01,0.06,6.07
2020,19,11.05,3.28,311.6,67.24,5.2,0,11.3
2020,20,10.83,2.52,310.4,68.07,5.21,0,7.97
2020,21,12.61,2.04,76.8,50.87,4.37,0,8.77
2020,22,12.62,3.68,317.8,58.47,5.04,0,9.53
2020,23,11.18,5.91,302.8,60.68,4.67,0,15.05
2020,24,11.11,5.16,295.9,51.48,3.86,0,16.43
2020,25,11.34,2.54,324.4,50.72,3.98,0,13.95
2020,26,13.78,3.72,311.1,56.42,5.52,0,14.52
2020,27,15.5,4,60.8,60.08,6.34,1.23,9.11
2020,28,13.19,4.45,85.5,78.42,7.43,8.52,8.59
2020,29,13.96,1.93,347.5,70.06,6.74,1.68,13.29
2020,30,11.82,4.73,313.2,63.53,5.13,0,15.63
2020,31,11.5,3.5,304.9,61.64,4.89,0,15.08
2020,32,11.96,2.93,317.2,55.42,4.64,0,14.99
2020,33,11.18,4.08,314.5,63.16,4.92,0,15.07
2020,34,11.55,2.85,307.1,59.08,4.56,0,15.98
2020,35,12.24,1.9,56.4,52.04,4.34,0,14.02
2020,36,12.31,3.67,310.8,52.35,4.46,0,13.77
2020,37,11.79,2.59,310.8,56.6,4.63,0,14.58
2020,38,11.92,3.32,330.3,53.55,4.43,0,14.74
2020,39,11.69,3.69,315.8,59.1,4.73,0,15.45
2020,40,12.4,2.83,312.9,56.25,4.6,0,15.45
2020,41,13.12,3.19,305.3,51.62,4.55,0,15.15
2020,42,13.84,2.31,309,51.57,4.87,0,14.96
2020,43,15.41,4.62,293.2,52.79,5.3,0,15.44
2020,44,18.89,5.58,294.7,55.12,7.04,0,17.21
2020,45,17.72,6.44,299.2,50.5,6.07,0,18.46
2020,46,15.42,5.39,296,45.69,4.48,0,19.72
2020,47,15.7,3.56,318.5,43.54,4.28,0,19.19
2020,48,16.01,4.41,304.7,36.83,3.72,0,18.6
2020,49,15.96,4.62,298.9,38.18,3.89,0,19.6
2020,50,18.02,3.9,124.5,34.55,4.17,0,15.03
2020,51,19.23,5.77,124.5,41.03,5.38,0.75,15.7
2020,52,16.04,5,63.4,73.83,8.36,14.7,6.36
2020,53,17.48,2.74,72,64.55,7.73,0,12.47
2020,54,18.73,2.13,27.1,59.44,7.78,1.24,12.75
2020,55,18.58,2.88,326.8,58.99,7.42,0.04,15.82
2020,56,18.2,2.79,320.9,56.99,7.08,0.91,15.98
2020,57,18.59,2.99,357.6,59.69,7.53,0.02,16.61
2020,58,17.43,2.27,115.5,68.11,8.15,0,14.29
2020,59,19.03,4.4,121.2,64.67,8.36,0,14.33
2020,60,20.08,3.31,110.3,67.59,9.7,4.89,14.05
2020,61,20.28,2.98,52.6,64.94,9.19,1.99,17.82
2020,62,20.3,2.3,321.7,54.88,7.83,0,17.57
2020,63,20.39,2.9,328,49.77,7.08,0,17.3
2020,64,21.39,2.06,150,49.51,7.57,3.52,15.4
2020,65,20.11,3.65,119.3,71.18,10.17,7.51,15.08
2020,66,17.39,6.56,113.1,82.53,10.34,35.17,12.01
2020,67,17.36,3.33,140.5,69.68,8.32,0.6,12.14
2020,68,17.87,3.01,310.9,59.98,7.35,0,20.17
2020,69,17.18,5.36,307.1,57.85,6.67,0,21.25
2020,70,18.61,1.84,322.9,45.42,5.64,0,18.62
2020,71,18.73,4.86,115.8,64.51,8.69,1.2,16.94
2020,72,20.24,4.16,139.3,68.65,9.81,3.35,18.93
2020,73,20.01,2.46,235.2,52.01,7.21,4.6,20.42
2020,74,16.77,2.14,298.9,66.84,7.7,7.26,13.5
2020,75,17.79,1.27,8.9,57.81,7.05,0.51,19.51
2020,76,18.77,2.91,322.8,58.9,7.61,0,17.07
2020,77,19.78,4.25,313.1,55.21,7.46,0,22.13
2020,78,20.78,4.27,312.2,56.23,8.33,0,21.3
2020,79,21.84,2.99,308.2,57.86,8.98,0.02,21.73
2020,80,23.55,1.41,104.2,51.24,8.95,0,18.36
2020,81,24.22,1.15,39.2,48.7,8.84,0.17,18.62
2020,82,23.27,3.92,326.2,50.41,8.54,0.01,22.43
2020,83,23.65,3.14,313.6,48.93,8.46,0,20.7
2020,84,24.12,2.54,308,49.48,9.08,0.64,14.96
2020,85,24.65,4.3,317.8,50.47,9.17,0,21.59
2020,86,22.84,5.4,304,54.66,9.44,0,13.26
2020,87,22.21,3.85,301.6,65,10.85,5.23,11.81
2020,88,22.37,4.08,312.2,58.54,9.18,0.08,24.9
2020,89,22.66,5.56,310.5,47.98,7.75,0,24.47
2020,90,21.84,5.59,307.3,50.46,7.64,0,24.85
2020,91,22.82,4.73,311.7,52.73,8.61,0.09,21.51
2020,92,25.6,3.21,318.9,47.53,9.04,0.47,24.09
2020,93,23.84,5.3,309.5,48.37,8.34,0,24.2
2020,94,22.47,5,307.4,43.58,6.74,0,26.1
2020,95,23.46,4.93,305.2,41.79,6.85,0,26.17
2020,96,25.16,3.42,332,40.53,7.59,0,23.87
2020,97,26.2,4.63,311.7,35.55,7.09,0,25.44
2020,98,26.18,5.31,324.3,39.78,7.83,0,24.45
2020,99,25.33,4.21,310,41.69,7.96,0,25.11
2020,100,25.22,3.24,306.1,40.05,7.51,0,24.4
2020,101,26.82,4.39,310.6,39.57,8.28,0,24.61
2020,102,28.57,4.51,308.9,37.91,8.59,0,24.82
2020,103,28.38,4.53,301.8,39.21,8.73,0,25.34
2020,104,30.01,4.83,306.4,41.44,10.28,0,24.18
2020,105,31.35,1.93,335.7,39.34,10.76,0,20.4
2020,106,31.19,3.52,273.2,31.5,8.02,0,22.04
2020,107,30.64,4.54,316.8,31.45,8.26,0.02,23.39
2020,108,28.9,2.8,339.3,33.6,8.08,0.42,22.38
2020,109,29.5,3.76,278.3,35.62,8.55,0.58,21.67
2020,110,28.67,3.64,306.6,41.25,9.56,3.04,24
2020,111,24.67,6.68,241.4,47.75,9.3,0.07,13.19
2020,112,27.75,3.99,284.8,42.4,9.41,0.18,23.68
2020,113,28.18,3.52,306.9,37.34,8.32,0,26.05
2020,114,28.64,4.62,242.4,37.89,8.98,0.29,16.04
2020,115,30.27,2.92,271.2,33.36,8.45,0.02,26.11
2020,116,31.45,2.3,153.8,30.04,8.67,0.57,21.25
2020,117,29.82,4.74,137.5,41.49,10.5,6.9,14.76
2020,118,26.69,5.75,106.3,56.21,11.86,5.62,25.09
2020,119,28.35,2.62,110.5,49.55,11.49,0.11,22.62
2020,120,30.44,2.42,282.3,40.67,10.78,0,22.51
2020,121,31.23,2.33,56,42.27,11.71,0.38,23.4
2020,122,32.12,3.72,282.7,40.39,11.44,0,24.81
2020,123,32.63,4.73,139.9,40.05,11.78,0.14,25.6
2020,124,30.73,5.43,125.2,46.08,12.45,8.7,14.87
2020,125,29.99,2.78,102.5,51.53,13.03,2.25,23.77
2020,126,31.15,3.04,336.6,41.4,11.35,0.19,25.39
2020,127,31.29,3.33,335.6,37.9,10.31,0.44,19.57
2020,128,29.88,3.67,59.8,46.67,11.6,3.18,27.44
2020,129,32.63,3.23,290.6,31.24,9.11,0,27.23
2020,130,33.46,3.25,138.2,30.38,9.41,0,25.99
2020,131,30.49,5.94,206.5,45.55,11.6,7.33,12.34
2020,132,29.74,3.61,142.9,45.52,11.25,1.75,21.66
2020,133,31.2,2.51,303.3,37.77,10.22,0.13,23.11
2020,134,31.69,4.05,315.8,37.54,10.9,0.12,14.07
2020,135,33.06,3.22,325.7,36.69,11.35,0,24.34
2020,136,32.71,5.83,312.9,34.33,10.27,0.19,25.46
2020,137,32.32,6.32,311.2,29.86,8.4,0,27.49
2020,138,33.19,4.39,319.1,26.98,8.1,0,23.94
2020,139,33.3,5.01,316.8,24.54,7.1,0,26.33
2020,140,33.4,5.11,337.4,18.55,5.4,0,27.29
2020,141,32.42,5.18,315.9,20.73,5.88,0,29.46
2020,142,33.66,6.44,308.6,19.97,5.66,0,28.58
2020,143,36.08,4.07,295.5,19.3,6.55,0,28.69
2020,144,38.08,4.86,269.5,15.97,6.36,0,25.22
2020,145,37.83,5.05,303,16.49,6.31,0,27.28
2020,146,37.54,5.27,308.8,20.2,7.72,0,28.61
2020,147,38.28,5.62,285.8,15.81,6.23,0,27.21
2020,148,38.98,4.69,261.4,14.78,6.09,0.01,25.3
2020,149,36.2,7.1,113.8,25.76,9.69,0.51,22.42
2020,150,34.18,6.36,113.8,34.92,11.41,3.41,21.14
2020,151,30.76,4.9,122.3,47.29,13.15,9.97,22.76
2020,152,29.36,3.42,124.2,56.88,14.55,22.24,18.81
2020,153,30.16,3.26,316.1,53.73,14.08,3.38,25.07
2020,154,31.75,3.09,256.6,43.55,12.47,0.59,24.17
2020,155,32.77,2.06,287.2,41.43,12.43,0.27,24.57
2020,156,31.51,3.78,128.4,48.03,13.72,3.49,12.34
2020,157,30.46,3.17,214.1,53.58,14.23,2.62,21.24
2020,158,31.35,2.76,183.2,46.58,13.29,0.6,23.58
2020,159,31.94,2.1,257.9,47.98,14.4,11.13,22.13
2020,160,32.94,3.36,316.9,42.72,13.14,0.01,25.63
2020,161,34.66,3.69,325.8,40.02,13.49,0.38,25.33
2020,162,35.9,3.57,329,37.48,13.4,0,23.55
2020,163,36.27,2.29,333.9,37.26,13.96,0.11,23.69
2020,164,37,1.92,76.9,36.26,13.93,0,21.78
2020,165,36.37,2.84,148.9,36.5,13.66,0.06,14.84
2020,166,35.7,2.23,137.7,37.42,13.5,0.2,21.29
2020,167,36,2.96,271.6,33.59,12.03,0.39,24.46
2020,168,36.41,1.72,25.9,25.82,9.55,0.14,24.4
2020,169,35.08,3.43,137.7,33.45,11.54,0.62,25.3
2020,170,35.85,3.8,166.4,35.97,12.93,0.62,25.23
2020,171,36.9,2.96,319.6,34.54,13.31,0,22.28
2020,172,36.73,3.69,293.1,38.94,14.89,3.6,17.13
2020,173,35.23,2.46,108.9,43.74,15.64,0.01,23.65
2020,174,33.98,2.02,65.4,47.65,16.02,8.59,24.03
2020,175,34.16,4.34,121.5,50.65,16.91,1.15,23.22
2020,176,31.29,3.64,120.2,65.9,19.28,1.35,15.07
2020,177,34.18,3.27,316.7,55.39,18.66,3.33,19.81
2020,178,34.2,4.11,292.7,53.02,17.56,0.2,18.39
2020,179,36.93,5.07,285.3,40.44,15.52,0.21,21.08
2020,180,37.23,6.21,285.7,39.34,15.84,0.24,22.69
2020,181,37.35,5.01,299.8,37.86,15.25,0.4,20.99
2020,182,34.42,4.03,127.1,51.22,17.68,2.6,20.51
2020,183,35.21,2.91,109.9,48.96,17.61,1.2,17.79
2020,184,34.51,2.68,35.1,54.75,19.16,11.49,19.91
2020,185,35.24,2.9,139.5,53.5,19.21,9.7,19.88
2020,186,36.26,2.84,147.3,48.27,17.99,5.71,19.69
2020,187,30.46,4.46,102.4,73.12,20.46,31.64,19.36
2020,188,32.64,2.81,96.8,57.38,17.78,0.03,17.79
2020,189,29.92,6.24,105.8,70.2,18.91,10.66,16.02
2020,190,30.79,4.21,129.9,69.32,19.32,3.43,15.81
2020,191,33.38,2.95,258.3,59.09,19.29,0.75,21.38
2020,192,35.35,5.13,282.6,49.84,17.5,0.78,20.48
2020,193,34.46,4.13,275,53.31,18.27,4.1,19.61
2020,194,33.01,2.57,326.8,58.88,19,9.89,19.61
2020,195,33.18,3.4,300.1,57.91,18.39,0,24.44
2020,196,34.56,3.05,305,49.32,16.83,0,22.3
2020,197,33.58,4.14,114.8,54.71,17.86,0.22,18.17
2020,198,32.64,3.76,116.1,60.11,18.53,3.08,18.19
2020,199,31.73,3.47,121.9,69.36,20.89,23.44,16.98
2020,200,32.63,2.31,167.3,68.39,21.4,16.91,14.17
2020,201,32.13,3.61,283.7,72.34,22.29,16.53,13.94
2020,202,32.52,5.24,292.7,67.07,20.8,11.44,14.59
2020,203,30.51,2.25,242.8,76.88,21.51,23.14,14.14
2020,204,28.34,3.1,334.1,82.62,20.45,21.7,11.95
2020,205,29.45,2.69,293.7,72.38,18.74,0.27,23.77
2020,206,29.33,3.43,114.8,74.43,19.25,1.36,20.65
2020,207,29.53,3.08,116.3,75.7,19.68,1.6,17.53
2020,208,29.8,2.32,142.6,76.67,20.32,9.66,22.6
2020,209,31.74,4.26,289.7,64.93,19.23,0.69,22.1
2020,210,32.37,3.99,279.4,67.99,20.94,13.16,21.44
2020,211,31.43,3.65,212.8,73.45,21.28,22.67,16.01
2020,212,28.53,2.53,124.8,85.29,21.32,26.98,14.64
2020,213,29.45,1.8,219.7,84.21,22.23,9.46,16.93
2020,214,30.38,2.44,240.8,78.89,21.9,3.55,17.17
2020,215,30.12,3.57,294.9,77.5,21.26,0.54,22.82
2020,216,31.33,3.98,281.2,75.25,22.16,0.77,18.45
2020,217,31.98,2.85,317.4,72.56,22.07,0.66,19.68
2020,218,30.62,3.51,116.4,78.19,22.15,1.37,12.02
2020,219,30.3,5.6,101.9,77.08,21.1,1.29,21.45
2020,220,30.3,4.85,112.7,78.31,21.55,0.4,18.41
2020,221,31.26,1.65,286.6,75.89,22.15,4.57,22.19
2020,222,30.66,0.97,242.6,77.17,21.83,6.62,14.14
2020,223,29.8,2.24,141.6,83.28,22.4,4.61,14.79
2020,224,28.92,3.24,230.4,87.15,22.43,16.89,13.81
2020,225,30.32,3.34,253.8,83.61,23.21,11.51,15.94
2020,226,29.1,3.02,134,88,22.85,10.92,4.62
2020,227,28.43,3.22,113.7,88.2,22.07,8.12,13.48
2020,228,29.25,3.67,139.6,83.39,21.74,1.87,17.35
2020,229,29.85,2.36,132.3,82.1,22.12,0.54,17.78
2020,230,30.54,2.73,153.5,80.63,22.6,2.93,15.41
2020,231,29.38,2.77,208.8,87.8,23.17,6.7,15.71
2020,232,29.37,1.6,223.4,88.67,23.46,28.7,3.25
2020,233,27.57,3.33,141.8,92.28,21.95,37.43,8.43
2020,234,27.85,4.03,106.8,84.08,20.08,0.53,20.66
2020,235,28.07,4.19,100.1,83.37,20.17,0.66,19.3
2020,236,27.95,4.91,102.6,85.79,20.71,0.65,17.13
2020,237,28.2,4.91,119,84.8,20.76,0.41,17.35
2020,238,28.35,3.7,132.6,85.24,21.03,0.35,15.93
2020,239,29.08,2.13,195.9,83.3,21.33,0.65,20.38
2020,240,29.11,1.62,271.7,85.51,22.1,3.7,18.18
2020,241,28.99,3.02,270.6,84.05,21.59,13.05,11.6
2020,242,28.95,1.69,93.6,79.59,20.27,8.12,18.01
2020,243,27.65,7.18,100.5,83.86,19.87,0.24,12.42
2020,244,28,3.89,142.6,81.3,19.52,0.15,18.61
2020,245,28.92,2.28,203.9,80.68,20.43,0,20.69
2020,246,28.42,1.9,218.3,82.36,20.25,0,17.77
2020,247,28.79,3.95,111,81,20.33,0.01,17.4
2020,248,29.07,2.6,103.4,80.23,20.45,0.15,16.8
2020,249,29.11,1.71,297,79.58,20.38,1.99,19.28
2020,250,28.84,1.62,305.5,77.94,19.68,0.72,19.63
2020,251,29.2,2.19,305,76.22,19.57,2.1,17.29
2020,252,28.89,2.78,311.4,76.07,19.12,1.45,19.84
2020,253,28.97,3.35,310.8,72.76,18.37,0,20.74
2020,254,29.57,4.32,313,71.4,18.68,0,21.53
2020,255,30.21,2.97,350.1,67.21,18.14,0,21.2
2020,256,29.48,2.71,343.8,67.44,17.39,0,20.22
2020,257,29.79,2.85,322.3,63.55,16.54,0.43,18.25
2020,258,29.62,2.68,327.8,58.15,15.29,0.87,16.2
2020,259,29.52,3.47,312.9,60.02,15.74,0,17.98
2020,260,30.46,3.73,308.7,61.11,16.82,0,19.35
2020,261,30.49,4.82,298.8,62.68,17.18,0,20.84
2020,262,30.67,4.52,299.4,57.76,15.85,0,20.41
2020,263,30.56,3.11,328.9,57.65,15.84,0,18.78
2020,264,29.84,3.49,3.8,58.84,15.19,0,19.25
2020,265,30.22,2.94,339.7,55.74,14.9,0.03,18.38
2020,266,30.79,1.99,80,62.68,17.38,1.02,18.73
2020,267,30.49,2.68,139.5,66.62,18.33,1.3,17.65
2020,268,30.33,3.46,296.1,60.93,16.38,0.13,17.89
2020,269,29.73,4.37,306.7,52.74,13.42,0,20.36
2020,270,28.79,2.39,315.4,52.11,12.39,0,15.65
2020,271,28.59,2.38,332.5,47.25,11.35,0,19.83
2020,272,28.51,4.41,319.6,45.93,10.82,0,20.54
2020,273,27.64,5.15,321.1,47.39,10.53,0,20.1
2020,274,27.25,4.96,317.1,47.28,10.34,0,20.67
2020,275,27.81,4.31,320.2,43.95,9.64,0,20.45
2020,276,28.23,3.25,302.4,41.63,9.54,0,20.81
2020,277,27.9,3.34,306.9,39.45,8.71,0,20.44
2020,278,26.98,2.92,311,38.93,8.18,0,20.56
2020,279,27.2,3.7,314.3,40.05,8.45,0,20.99
2020,280,27.13,3.81,325.7,37.27,7.81,0,20.71
2020,281,27.3,3.59,334.5,36.15,7.53,0,20.42
2020,282,27.22,3.38,338.2,35.88,7.65,0,19.7
2020,283,27.11,2.23,327.4,38.12,8.14,0,18.88
2020,284,27.24,3.16,317.6,42.03,9.12,0,18.48
2020,285,27.31,2.61,327.5,41.24,8.76,0,17.83
2020,286,27.79,1.15,332.9,38.07,8.51,0,17.74
2020,287,28.41,1.99,193.8,40.18,9.32,0,14.46
2020,288,27.84,1.77,330.6,43.86,10.05,0,14.24
2020,289,27.47,2.95,326.1,37.12,8.11,0,15.25
2020,290,26.18,3.01,315.1,34.5,6.84,0,16.19
2020,291,25.95,3.59,319.5,32.92,6.69,0,15.71
2020,292,25.12,4.57,309.2,34.1,6.21,0,15.11
2020,293,24.47,4.35,312.5,34.78,6.17,0,16.76
2020,294,24.28,4.21,317,30.39,5.17,0,18.52
2020,295,25.3,3.53,333.8,26.67,5,0,17.02
2020,296,25.79,3.45,308,36.06,7.22,0,13.96
2020,297,25.39,3.26,331.8,32.96,6.23,0,15.52
2020,298,24.21,3.09,314.8,30.79,5.48,0,15.41
2020,299,24.45,3.39,325.7,27.99,5.05,0,14.7
2020,300,23.61,4.02,313,30.59,5.18,0,14.54
2020,301,22.69,3.61,314.1,31.68,5.04,0,14.15
2020,302,22.35,1.61,313.9,27.99,4.41,0,13.95
2020,303,22.11,1.56,328.6,29.28,4.52,0,13.07
2020,304,22.22,2.84,318.2,31.59,4.9,0,14.67
2020,305,22.01,4.89,310.5,31.99,4.94,0,14.32
2020,306,21.19,3.7,300.6,27.6,4.04,0,14.82
2020,307,20.54,4.08,300.1,28.14,4.02,0,15.56
2020,308,20.98,2.37,287.2,26.16,3.75,0,15.73
2020,309,20.97,3.94,297.2,29.13,4.49,0,13.19
2020,310,21.12,3.48,303.3,29.29,4.26,0,11.68
2020,311,20.87,3.74,306.5,29.63,4.23,0,11.99
2020,312,20.86,4.12,307.4,31.91,4.61,0,12.21
2020,313,20.81,3.13,318.5,31.38,4.59,0,10.01
2020,314,19.8,2.44,327.4,35.28,4.82,0,12.13
2020,315,22.56,2.71,101.7,28.43,4.5,0,12.17
2020,316,21.77,2.16,52.1,34.65,5.45,0,12.7
2020,317,20.93,1.74,342.5,39.59,5.8,0,12.93
2020,318,20.72,2.46,304.1,37.05,5.43,0,12.75
2020,319,21.21,1.63,304.1,32.26,4.84,0,10.75
2020,320,22.11,3.5,136.6,39.53,6.52,2.78,10.8
2020,321,19.87,3.46,69.4,64.16,9.07,1.02,9.65
2020,322,18.87,2.98,312.8,54.2,7.09,0,11.78
2020,323,17.76,2.18,315.9,43.2,5.32,0,11.9
2020,324,17.09,2.81,317.4,36.76,4.34,0,10.65
2020,325,17.08,4.62,313.9,36.76,4.16,0,12.91
2020,326,16.22,6.1,304.9,36.36,3.91,0,14.67
2020,327,15.72,4.28,304.5,27.72,2.83,0,13.55
2020,328,17.03,1.91,293.6,23.67,2.63,0,11.39
2020,329,17.31,1.58,340.9,27.06,3.18,0,9.78
2020,330,17.98,2.62,35.5,28.53,3.5,0,6.63
2020,331,16.8,4.25,332.4,55.3,6.51,0.54,10.03
2020,332,17.48,3.61,309.3,44.58,4.99,0,14.76
2020,333,16.23,4.11,298.4,40.71,4.23,0,14.64
2020,334,15.62,2.55,305.6,37.03,3.78,0,14.23
2020,335,16.58,3.03,299.8,35.06,3.79,0,13.5
2020,336,16.82,2.87,305.2,41.64,4.62,0,12.82
2020,337,17.65,4.88,298.8,44.41,5.25,0,13.15
2020,338,17.57,2.1,297.7,49.28,5.71,0,11.73
2020,339,19.38,1.4,220,37.19,4.91,0,12.32
2020,340,19.53,2.52,139.8,31.02,4.12,0,12.5
2020,341,18.84,2.64,174.2,35.11,4.57,0,12.4
2020,342,18.59,4.62,301.8,39.77,4.95,0,10.14
2020,343,18.59,2.67,309.4,41.65,5.24,0,11.29
2020,344,19.52,3.85,306,40.74,5.49,0,12.42
2020,345,20.01,3.28,315.9,45.79,6.25,0,12.08
2020,346,20.91,1.87,299.5,44.09,6.4,0,7.35
2020,347,19.12,2,249.9,58.59,7.97,5.08,6.73
2020,348,14.57,4.26,309.3,56.31,5.6,0.09,10.34
2020,349,12.5,3.39,307.7,53.44,4.53,0,11.67
2020,350,11.49,3.27,311.1,48.62,3.89,0,10.72
2020,351,12.03,4.96,315.2,43.63,3.55,0,11.24
2020,352,9.93,4.57,303,40.43,2.85,0,12.6
2020,353,10.8,5.17,297.8,36.88,2.69,0,13.84
2020,354,11.86,5.23,302.2,31.42,2.41,0,13.89
2020,355,12.8,4.59,302.6,32.19,2.77,0,12.58
2020,356,13.08,3.42,306.6,39.06,3.48,0,11.5
2020,357,14.69,2.85,312.9,38.67,3.76,0,11.73
2020,358,14.06,2.8,315.7,39.66,3.65,0,10.94
2020,359,13.5,3.23,311.8,42.61,3.79,0,11.12
2020,360,12.73,3.98,308.5,43.58,3.68,0,11.94
2020,361,13.36,3.87,302.4,39.52,3.49,0,11.28
2020,362,15.49,2.76,171.2,34.75,3.73,0.05,10.51
2020,363,11.52,3.4,321.3,40.65,3.1,0.02,12.35
2020,364,10.96,4.8,311.4,41.19,3.12,0,12.59
2020,365,10.29,3.73,309.4,48.54,3.52,0,9.9
2020,366,10.6,2.96,302.8,42.39,2.98,0,8.94
2021,1,12.76,1.31,306.2,30.98,2.62,0,7.12
2021,2,12.91,2.43,81.9,57.05,5.41,5.02,4.19
2021,3,15.65,4.68,124.8,87.84,9.84,15.6,2.9
2021,4,17.88,4.5,151.5,75.07,9.29,0.22,8.03
2021,5,17.69,4.04,34.1,74.14,9.29,6.13,6.36
2021,6,16.54,1.93,68.9,78.19,9.2,7.16,5.15
2021,7,14.88,2.6,300.6,77.16,8.06,0.1,5.93
2021,8,15.63,1.89,324,67.17,7.18,0.21,4.76
2021,9,16.07,2.81,313.7,59.17,6.78,0.71,7.15
2021,10,13.08,3.79,299.6,56.87,5.3,0,11.1
2021,11,11.25,4.44,297.5,52.42,4.14,0,11.03
2021,12,11.06,4.51,293.6,49.07,3.81,0,11.88
2021,13,10.16,4.27,295.9,47.1,3.42,0,10.84
2021,14,11.48,2.63,293.8,42.76,3.44,0,10.14
2021,15,12.28,1.82,293.6,40.06,3.42,0,10.95
2021,16,11.04,3.14,299,47.9,3.69,0,9.14
2021,17,11.08,2.9,117,47.56,3.8,0,6.23
2021,18,13.65,2.46,88.5,41.72,4.01,0,5.78
2021,19,15.29,3.22,308,47.62,5.11,0,9.47
2021,20,13.42,5.32,296.1,48.69,4.38,0,12.74
2021,21,12.55,5.86,294.4,53.63,4.42,0,15.27
2021,22,13.06,1.99,134.4,41.54,3.61,0,9.59
2021,23,14.1,4.17,142.4,39.95,3.88,0,10.93
2021,24,12.29,2.65,311.6,54.42,4.66,0,6.49
2021,25,11.07,2.35,314.6,51.18,4.01,0,8.08
2021,26,11.95,2.48,311.5,50.67,4.19,0,12.09
2021,27,11.91,3.58,302.8,44.44,3.6,0,14.18
2021,28,11.35,2.03,308.2,40.59,3.15,0,10.48
2021,29,11.51,4.65,307.2,41.11,3.26,0,13.9
2021,30,12.13,4.96,301.8,41.37,3.3,0,15.89
2021,31,13.88,2.77,299,35.73,3.23,0,16.46
2021,32,15.1,3.91,299.4,33.83,3.37,0,15.92
2021,33,16.07,2.15,306.2,36.72,3.8,0,15.96
2021,34,16.26,3.98,127.8,39.71,4.29,0.18,14.43
2021,35,15.69,4.44,109.6,57.85,6.26,4.95,9.73
2021,36,14.4,2.65,348,63.11,6.14,0.23,14.65
2021,37,14.14,4.04,310.7,51.34,4.84,0,17.28
2021,38,14.27,4.67,303.5,50.09,4.77,0,17.37
2021,39,14.94,3.07,306.4,48,4.75,0,16.13
2021,40,17.62,3.59,296.6,42.22,4.89,0,15.44
2021,41,18.75,2.28,332.2,37.68,4.81,0,16.76
2021,42,17.42,2.07,315.6,43.52,5.15,0,15.79
2021,43,17.34,2.38,300,46.91,5.53,0,12.46
2021,44,18.3,2.09,304.1,38.53,4.81,0,11.87
2021,45,19.1,2.05,312.4,32.84,4.31,0,15.51
2021,46,19.39,1.81,314.2,34.8,4.65,0,15.72
2021,47,18.98,2.26,337.1,38.32,4.87,0,15.53
2021,48,18.51,2.09,335.2,40.74,5,0,16.02
2021,49,19.06,1.38,359,35.8,4.5,0,16.1
2021,50,18.08,3.38,316.6,37.76,4.47,0,16.31
2021,51,17.57,3.71,307.7,40.57,4.7,0,15.81
2021,52,17.9,4.13,300.4,39.53,4.65,0,17.52
2021,53,19.63,3.98,299.6,35.22,4.63,0,17.7
2021,54,21.65,3.08,299.5,31.22,4.62,0,19.07
2021,55,22.71,3.37,311.8,28.76,4.63,0,19.19
2021,56,22.75,4.06,310.5,29.82,4.77,0,19.26
2021,57,24.46,5.45,302.3,32.01,5.73,0,19.88
2021,58,23.65,3.79,300.1,37.83,6.65,1.5,18.85
2021,59,22.41,2.97,315.4,31.79,5.12,0,19.39
2021,60,20.79,5.18,313.3,24.06,3.33,0,20.59
2021,61,20.47,5.9,301.7,25.72,3.48,0,21.66
2021,62,22.13,4.96,302.9,23.1,3.41,0,21.38
2021,63,23.91,3.58,320.7,20.92,3.62,0,21.19
2021,64,23.53,5.32,310.6,22.01,3.63,0,20.47
2021,65,24.35,4.92,305.3,20.96,3.46,0,21.72
2021,66,25.14,2.93,121.5,19.05,3.61,0,20.53
2021,67,24.92,5.47,75.6,28.84,5.23,0.33,17.44
2021,68,26.02,1.38,28.5,26.54,5.49,0,18.43
2021,69,25.78,2.26,326.5,31.03,6.19,0.14,19.25
2021,70,26.19,1.51,57.4,24.43,4.8,0,19.82
2021,71,23.13,4.77,133,39.28,6.6,0.68,10.31
2021,72,24.22,2.52,0.4,49.71,8.3,0.01,19.6
2021,73,24.98,4.62,311.4,28.69,5.37,0,21.32
2021,74,24.63,4.05,304.7,27.86,5.16,0,18.49
2021,75,25.37,4.71,304.7,29.64,5.63,0,17.32
2021,76,26.72,4,311.5,29.23,6.08,0,18.6
2021,77,27.25,3.78,316.2,26.04,5.54,0,16.85
2021,78,27.75,3.56,302.4,26.91,5.76,0,17.92
2021,79,26.59,4.42,302.8,26.62,5.42,0,22.12
2021,80,27.24,2.83,305.4,25.5,5.37,0,22.02
2021,81,26.99,4.77,131,25.79,5.52,0.05,16.94
2021,82,27.03,2.59,85.8,28.19,5.91,0.05,14.59
2021,83,25.74,3.63,306.9,28.19,5.4,0.08,20.7
2021,84,24.62,5.37,301.4,29.49,5.2,0,20.69
2021,85,24.44,4.33,293,28.45,4.97,0,23.19
2021,86,26.84,3.08,295.6,25.14,5.05,0,22.93
2021,87,28.96,3.32,293.1,23.88,5.59,0,22.14
2021,88,29.94,3.82,251.4,20.28,4.98,0,22.7
2021,89,30.34,5.89,277.6,17.32,4.28,0,22.37
2021,90,28.29,8.01,305.1,12.56,2.49,0,26.75
2021,91,26.13,7.49,298.5,7.85,1.46,0,27.4
2021,92,25.54,4.66,303.2,9.94,1.75,0,26.81
2021,93,25.48,4.13,309.4,7.23,1.33,0,27.11
2021,94,27.01,5.18,309.5,9.3,1.86,0,26.13
2021,95,29.18,2.47,317.3,14.71,3.48,0,21.52
2021,96,30.41,4.3,111.5,15.32,3.7,0,21.37
2021,97,29.53,4.22,332.4,22.71,5.38,0.09,21.81
2021,98,27.67,3.46,315,16.04,3.39,0,24
2021,99,28.09,3.84,326.7,14.05,2.89,0,26.48
2021,100,28.76,4.43,307.5,15.72,3.59,0,26.04
2021,101,29.63,4.5,308.9,16.52,3.82,0,26.62
2021,102,31,4.47,304.1,18.22,4.68,0,24.25
2021,103,31.86,5.4,301.3,18.35,5.05,0,25.28
2021,104,32.38,5.31,306.3,21.16,5.97,0,23.7
2021,105,32.54,3.78,289.5,17.56,5.17,0,23.83
2021,106,32.75,4.11,254.3,20.67,5.92,0.53,19.9
2021,107,29.37,4.95,255.7,30.82,7.46,0.51,23.96
2021,108,29.41,4.07,308.3,27.82,6.63,0,25.52
2021,109,30.84,4.21,315.5,22.86,5.81,0.19,24.32
2021,110,28.11,5.28,2.6,24.06,5.43,0.2,15.44
2021,111,27.14,5.49,233.5,34.88,7.43,2.83,24.12
2021,112,26.79,2.25,355.7,36.16,7.39,0.51,25.97
2021,113,28.32,4.49,99.3,27.86,6.21,0.7,21.32
2021,114,27.02,5.02,322,30.19,5.79,0,27.43
2021,115,28.4,5.05,314.4,19.98,4.22,0,28.28
2021,116,30.44,4.18,309.6,16.07,3.95,0,28.55
2021,117,32.68,4.85,303.9,16.32,4.61,0,25.91
2021,118,33.64,4.01,304.8,16.15,4.73,0,24.19
2021,119,34.63,4.42,310.8,19.24,6.1,0,21.86
2021,120,34.23,2.21,40,19.9,6.31,0.36,22.46
2021,121,33.53,2.23,326.3,20.16,6.24,0.25,22.54
2021,122,33.01,2.38,234.6,20.57,6.36,0.42,19.26
2021,123,33.16,2.32,266.5,23.53,7.28,0,22.38
2021,124,33.81,2.61,248.6,20.64,6.52,0.01,22.29
2021,125,33.15,2.65,59.7,22.09,6.71,0.01,23.49
2021,126,32.5,3.35,133.3,29.24,8.35,4.61,18.73
2021,127,30.67,1.43,337,37.62,9.98,3.06,23.34
2021,128,31.81,2.36,327.6,30.68,8.6,0,23.25
2021,129,32.31,3.01,221.6,29.3,8.43,0.36,20.78
2021,130,33.96,2.25,233.1,26.99,8.71,1.53,18.83
2021,131,33.03,4.17,173.4,27.83,8.28,0.02,23.96
2021,132,33.14,3.97,311.4,24.95,7.78,0.23,23.47
2021,133,29.87,3.42,88.9,39.59,10.4,2.45,20.4
2021,134,31.13,3.1,332,34.97,9.43,0,24.58
2021,135,32.94,2.38,307.1,25.96,7.83,0.06,18.11
2021,136,33.37,3.32,326.2,22.7,6.75,0.14,26.19
2021,137,33.53,4.24,224.3,20.99,6.34,0,12.24
2021,138,31.01,6.04,176,32.95,9.19,1.09,6.83
2021,139,26.64,4.42,91.4,60.66,12.96,42.25,4.99
2021,140,24.76,6.17,21.1,75.11,14.82,46.49,18.39
2021,141,27.69,2.02,154.5,58.78,13.07,2.95,18
2021,142,29.44,3.15,261.7,50.59,12.55,3.34,26.31
2021,143,28.41,3.14,285.1,43.4,9.9,0,22.77
2021,144,29.32,6.64,304.2,37.02,8.88,0,26.04
2021,145,30.85,6.7,317.4,34.76,8.96,0,29.05
2021,146,31.93,4.08,306.8,32.94,9.32,0,27.6
2021,147,32.43,2.58,296.5,30.41,8.56,0,26.94
2021,148,31.33,4.18,145.5,37.02,10.31,0,27.03
2021,149,31.46,4.78,157.2,53.44,15.06,1.73,26.14
2021,150,31.67,4.34,132.7,54.32,15.74,1.95,24.45
2021,151,34.57,2.11,211.9,40.46,13.45,0,23.58
2021,152,31.03,3.05,12.6,46.86,12.86,17.09,18.87
2021,153,31.52,1.94,240.7,41.22,11.54,0,21.78
2021,154,31.98,2.12,299.1,41.12,11.89,0.1,24.81
2021,155,33.42,2.67,269.2,41.52,12.96,0.68,22.15
2021,156,33.74,2.13,238.1,42.84,13.7,1.37,24.73
2021,157,33.59,3.63,268.4,42.6,13.3,0.03,25.94
2021,158,34.4,4.22,319.1,41.67,14.01,0,24.8
2021,159,35.89,6.63,287.2,37.1,13.45,0.03,24.23
2021,160,36.57,4.82,279.3,38.12,14.68,0,22.92
2021,161,33.27,5.44,111.7,52.4,16.93,4.19,21.83
2021,162,32.31,4.11,120.5,56.45,16.98,2.49,22.86
2021,163,32.66,4.74,133.7,56.95,17.47,7.51,22.57
2021,164,31.47,4.1,66.8,59.17,17.03,1.96,20.29
2021,165,33.36,2.22,307.6,41.6,12.9,0.08,24.28
2021,166,32.89,3.47,250.7,47.33,14.24,0.01,21.57
2021,167,31.16,2.23,60.9,51.72,15.06,5.75,18.96
2021,168,31.5,1.61,323.9,55.21,16.22,30.19,19.11
2021,169,30.69,3.17,93.1,59.41,16.48,7.45,20.76
2021,170,30,2.19,69.2,61.7,16.52,9.71,19.01
2021,171,30.67,2.5,307.3,61.47,16.9,3.15,17.56
2021,172,32.69,3.48,306.3,47.97,14.26,0.12,22.75
2021,173,33.35,3.73,300,44.36,13.78,0,23.7
2021,174,34.01,1.35,301.6,39.86,12.84,0,23.63
2021,175,33.32,2.44,154.3,44.72,13.92,0,20.02
2021,176,33.24,3.5,276,44.63,13.54,5.03,23.77
2021,177,32.16,4.7,285,44.07,12.77,1.55,22.14
2021,178,33.77,2.78,305.9,42.76,13.7,0.02,21.95
2021,179,34.12,2.11,261.6,43,14.04,0,22.71
2021,180,35.12,5.32,292.7,35.83,12.18,0,25.53
2021,181,36.43,6.5,290.1,32.92,12.28,0,24.78
2021,182,36.74,5.27,282.3,35.94,13.83,0,24.18
2021,183,36.47,3.58,291.1,37.15,13.65,1.41,21.31
2021,184,34.48,3.81,261.1,49.08,16.19,3.74,17.98
2021,185,33.8,3.17,12.4,44.31,14.45,0.66,24.2
2021,186,35.01,2.9,299.3,39.7,13.72,0.04,22.79
2021,187,35.64,3.56,300.3,40.62,14.65,0,24.26
2021,188,36.66,4.47,293,37.97,14.44,0.01,24.6
2021,189,37.46,2.94,298.6,36.29,14.47,0.19,23.17
2021,190,34.34,2.91,107.8,52.57,17.87,8.94,19.81
2021,191,34.42,3.61,119.3,48.3,16.54,0.06,22.96
2021,192,33.19,5.31,123,57.27,18.5,0.71,18.31
2021,193,31.95,5.03,120.9,61.75,18.42,2.21,15.02
2021,194,29.31,3.32,113.2,76.91,20.15,17.87,9.18
2021,195,29.64,3.73,119.9,76.17,20.25,23.09,8.09
2021,196,30.62,4.23,88,70.54,19.53,15.62,20.33
2021,197,32.54,2.6,91.7,63.12,19.37,1,22.72
2021,198,33.68,3.39,306.3,59.91,19.57,3.46,19.97
2021,199,30.93,3.04,181.5,77.05,22.05,31.58,10.56
2021,200,28.38,2.68,177.6,91.13,22.84,57.38,2.76
2021,201,27.97,1.78,211.9,87.69,21.37,29.88,13.04
2021,202,28.4,2.12,151.3,86.65,21.65,7.43,18.11
2021,203,29.7,2.54,103.3,80.43,21.44,8.95,14.54
2021,204,28.96,3.51,113.2,87.13,22.5,7.58,17.4
2021,205,30.31,1.69,108.3,79.25,21.92,0.59,19.42
2021,206,31.43,0.96,159.5,75.62,22.29,0.19,21.8
2021,207,29.32,1.96,180.9,84.7,22.3,4.52,9.58
2021,208,29.63,3.64,262.6,83.72,22.46,25.94,8.84
2021,209,28.15,2.36,211.1,87.93,21.69,41.53,3.28
2021,210,28.23,1.37,141.5,86.57,21.37,17.17,14.01
2021,211,28.44,2.97,88.2,86.28,21.54,19.76,11.99
2021,212,28.75,3.33,114.4,84.52,21.51,10.7,18.72
2021,213,30.09,1.75,217.1,78.25,21.48,7.8,11.38
2021,214,29.41,1.93,124.9,83.24,21.99,1.71,13.28
2021,215,29.32,2.44,89,83.04,21.71,1.68,16.17
2021,216,28.73,3.63,100.3,84.56,21.36,0.36,19.09
2021,217,29.19,1.8,98,81.92,21.28,0.53,18.41
2021,218,29.35,1.57,184.4,77.8,20.42,0.14,17.35
2021,219,28.04,1.81,160.3,83.93,20.46,16.73,11.63
2021,220,29.5,1.19,310.5,77.74,20.48,5.65,9.56
2021,221,28.72,1.39,343.9,83.59,21.09,10.04,11.62
2021,222,29.09,3.62,289.3,82.52,21.26,0.3,21.55
2021,223,28.71,4.23,279.4,76.74,19.18,0,22.99
2021,224,28.76,2.79,276.5,79.49,19.94,0.28,22.47
2021,225,29.31,3.27,278.5,78.75,20.44,3.18,20.39
2021,226,29.7,3.96,272,79.7,21.18,0.41,23.26
2021,227,29.39,3.4,287.3,78.07,20.29,0.14,23.09
2021,228,29.28,2.93,294.7,75.88,19.62,0.17,22.74
2021,229,29.43,3.37,301.5,74.07,19.34,0,22.54
2021,230,29.21,2.9,329.6,73.76,19.09,0.06,20.98
2021,231,29.51,2.07,65.8,79.31,20.84,5.87,15.6
2021,232,26.94,2.94,97,91.18,20.84,63.77,6.75
2021,233,27.28,4.6,113,91.05,21.16,20.16,11.77
2021,234,28.21,2.53,123.3,85.78,20.95,1.1,15.03
2021,235,29.21,1.3,281.8,80.56,20.92,0.51,17.2
2021,236,28.61,1.81,285.3,81.91,20.61,1.56,13.51
2021,237,27.92,3.72,258.2,82.24,19.83,1.75,22.1
2021,238,28.2,3.23,267.5,80.49,19.73,0.32,19.66
2021,239,29.43,1.72,234.6,77.64,20.15,12.64,20.9
2021,240,28.92,1.53,271.5,78.1,19.86,11.38,15.37
2021,241,28.57,1.7,126.2,82.83,20.59,1.8,13.92
2021,242,27.74,1.84,116.9,85.97,20.39,1.24,16.81
2021,243,26.51,3.56,109.8,88.68,19.6,3.56,5.56
2021,244,26.6,3.14,100.4,87.32,19.4,33.28,3.46
2021,245,26.79,2.54,72.7,85.08,19.18,16.19,17.62
2021,246,26.52,3.24,104.4,89.54,19.97,17.3,18.92
2021,247,26.89,3.1,133.8,89.29,20.31,9.33,13.89
2021,248,28.18,1.78,113.8,83.01,20.25,1,19.15
2021,249,28.95,1.95,130.6,82.62,21.07,6.37,17.95
2021,250,28.28,3.06,105.8,88.34,21.71,5.49,13.04
2021,251,27.43,5.29,106.3,87.37,20.42,0.15,17.4
2021,252,27.4,3.25,103.7,88.24,20.63,7.33,14.5
2021,253,26.95,4.1,106.8,88.79,20.22,19.45,14.77
2021,254,26.18,3.69,90.6,93.15,20.36,15.51,3.68
2021,255,26.88,2.26,95.2,84.19,19.12,11.72,17.06
2021,256,27.38,2.61,34.6,80.06,18.66,13.29,10.78
2021,257,27.89,2.23,49,77.3,18.37,0.47,17.98
2021,258,27.84,2.52,101.1,80.47,19.1,0.22,17.82
2021,259,26.35,2.18,103.7,86.65,19.02,9.34,8.79
2021,260,26.74,3.1,36.3,83.86,18.72,0.82,11.79
2021,261,26.87,3.11,82.3,85.97,19.42,0,16.52
2021,262,27.6,2.63,111.6,86.18,20.27,0.27,19.97
2021,263,28.08,2.36,135.2,85.67,20.74,0.2,19.38
2021,264,27.83,2.96,147.6,85.7,20.51,9.9,15.38
2021,265,26.47,2.43,113.7,91.47,20.32,16.86,10.51
2021,266,25.39,2.09,105.2,88.3,18.28,11.39,16.17
2021,267,26.83,1.9,85,80.36,18.06,5.9,14.68
2021,268,27.53,1.37,44,81.44,19.04,2.94,14.72
2021,269,26.84,2.6,110.3,85.91,19.32,0.52,14.36
2021,270,27.27,1.74,88.6,79.86,18.32,0,18.33
2021,271,26.94,2.84,102.1,83.46,18.86,0.13,19.43
2021,272,26.51,3.33,104.1,86.19,18.96,0.45,18.83
2021,273,26.93,2.7,113.2,84.9,19.16,5.85,17.62
2021,274,27.83,1.73,185.7,83.1,19.73,12.52,17.18
2021,275,27.86,2.23,288.5,82.18,19.63,0.14,17.11
2021,276,27.4,3.31,280.1,83.42,19.42,0.02,18.76
2021,277,27.89,1.86,289.3,76.36,18.2,0.72,19.49
2021,278,27.12,2.18,54.6,80.31,18.2,4.88,18.4
2021,279,26.43,2.44,327.5,83.03,18.14,0.02,18.25
2021,280,25.08,2.97,299,81.94,16.5,0,18.49
2021,281,24.96,2.77,288,75.97,15.17,0,18.96
2021,282,24.54,2.97,300.2,72.93,14.16,0,19.49
2021,283,26.32,2.4,320.5,65.22,13.96,0,19.11
2021,284,26.04,1.73,97.2,64.18,13.44,0,18.42
2021,285,25.11,2.12,350.2,68.87,13.67,0,18.94
2021,286,23.26,3.66,316.7,70.96,12.62,0,19.75
2021,287,22.98,3.28,313.7,71.44,12.51,0,19.15
2021,288,25.36,2.67,313.8,67.85,13.63,0,18.39
2021,289,25.85,1.49,75.5,65.52,13.62,0,17.14
2021,290,25.06,2.89,64.9,75.49,15.07,16.91,7.44
2021,291,21.97,3.83,42.9,91.86,15.54,71.69,4.11
2021,292,22.45,4.3,313.1,86.88,15.04,0.02,17.06
2021,293,22.14,3.58,301.1,78.38,13.15,0.36,16.3
2021,294,20.75,3.71,293.4,71.39,10.93,0,19
2021,295,22.15,2.88,295.2,68.47,11.42,0,18.6
2021,296,22.09,2.96,146.2,81.4,13.64,0,16.93
2021,297,22.23,3,120.1,80.06,13.43,13.04,13.41
2021,298,20.96,2.72,344.4,79.58,12.36,1.03,15.13
2021,299,19.8,3.2,306.1,74.4,10.71,0,16.44
2021,300,18.92,2.7,315,70.31,9.51,0,16.38
2021,301,19.75,1.77,310.8,72.25,10.29,0,16.32
2021,302,21.31,1.3,324.8,61.17,9.63,0,15.63
2021,303,18.84,3.85,309.9,73.49,9.95,0,15.76
2021,304,19.98,2.84,299.8,63.78,9.11,0,15.78
2021,305,19.28,2.39,127.8,66.76,9.33,0,15.16
2021,306,18,2.97,121,74.55,9.5,0,13.9
2021,307,18.91,1.86,122.9,72.03,9.81,0,13.31
2021,308,19.92,1.68,74.4,62.8,9.16,0,12.15
2021,309,19.47,1.4,327.7,62.6,8.74,0,9.59
2021,310,17.27,3.56,296,72.36,8.94,0,11.22
2021,311,18.4,3.3,304.9,70.48,9.32,0,12.32
2021,312,17.85,3.21,305.3,69.94,8.99,0,11.22
2021,313,17.88,3.6,312.3,71.87,9.25,0,12.98
2021,314,18.96,2.98,315.4,62.54,8.52,0,12.08
2021,315,19.3,1.99,317.4,57.63,8.05,0,11.14
2021,316,18.48,2.88,305.3,59.48,7.93,0,10.81
2021,317,16.68,2.94,310.6,66.52,7.83,0,12.36
2021,318,17.26,2.21,322,57.55,6.88,0,11.94
2021,319,15.54,2.57,302.9,62.78,6.92,0,11.34
2021,320,15.18,2.67,314.5,62.76,6.68,0,12.6
2021,321,16.21,1.33,321.1,58.01,6.66,0,12.21
2021,322,16.57,1.3,278,57.9,6.71,0,12.71
2021,323,16.03,1.96,294.1,60.12,6.89,0,10.78
2021,324,14.69,3.12,255.5,74.94,7.96,0,9.82
2021,325,15.57,3.28,304.7,68.39,7.41,0,12.94
2021,326,14.93,5.43,300.4,65.44,6.87,0,15.04
2021,327,15.3,2.68,279.1,59.33,6.36,0,14.6
2021,328,15.57,1.88,133.9,58.14,6.38,0,14.15
2021,329,15.56,1.55,130.3,63.55,6.78,0,13.2
2021,330,16.15,1.36,31,57.64,6.56,0,12.98
2021,331,15.18,2.25,109.3,68.37,7.36,0,11.64
2021,332,16.51,1.23,55.7,65.01,7.5,0,12.26
2021,333,15.15,3.01,306.3,66.59,7.12,0,11.86
2021,334,15.34,3.87,306.6,65.97,7.07,0,12.35
2021,335,14.11,1.27,319.9,71.9,7.31,0,6.86
2021,336,13.81,1.84,297.2,75.66,7.52,0,4.81
2021,337,15.08,1.91,291.7,66.84,7.09,0.95,7.77
2021,338,17.79,1.26,292.2,57.88,7.28,0,12.99
2021,339,17.83,2.07,128.3,61.91,7.83,0.02,8.84
2021,340,16.52,3.12,333,76.66,9.01,0.45,10.28
2021,341,14.18,3.41,311.4,71.74,7.09,0,13.26
2021,342,14.21,2.63,305.2,61.59,6.06,0,13.41
2021,343,15.51,1.07,8.7,55.02,6.02,0,12.15
2021,344,13.96,2.43,307.6,66.26,6.49,0,11.84
2021,345,13.4,3.02,295.7,60.42,5.59,0,12.56
2021,346,14.63,1.48,127.3,52.13,5.35,0,11.84
2021,347,11.6,2.11,124.7,72.47,6.19,0,9.86
2021,348,12.85,1.44,81.8,70.91,6.37,0,8.87
2021,349,12.43,2.44,339.8,64.46,5.61,0,8.58
2021,350,11.37,2.83,355.5,62.24,5.13,0,7.3
2021,351,9.45,4.85,314.9,62.01,4.43,0,11.4
2021,352,8.1,5.66,303.2,56.32,3.67,0,12.26
2021,353,7.51,4.58,301.8,56.83,3.54,0,13.86
2021,354,9,3.07,297.2,53.43,3.76,0,13.41
2021,355,11.7,2.28,315.8,43.19,3.69,0,12.86
2021,356,12.84,1.73,338.4,46.72,4.24,0,12.58
2021,357,13.22,1.92,112.6,51.96,4.84,0,10.48
2021,358,13.21,1.6,98.6,58.62,5.44,0,10.28
2021,359,14.2,1.21,39.5,57.64,5.74,0,10.24
2021,360,13.07,1.79,112.6,69.14,6.52,0.15,5.45
2021,361,14.16,1.75,30.8,73.33,7.29,0.91,9.55
2021,362,13.72,1.4,173.8,71.54,6.98,0.07,3.78
2021,363,12.71,3.08,310.2,65.44,5.89,0.86,11.12
2021,364,10.92,1.5,338.7,51.19,3.97,0,10.24
2021,365,10.6,2.31,311.1,58.22,4.53,0,11.21
2022,1,11.8,1.64,308.1,57.62,4.87,0,11.64
2022,2,12.09,2.12,310.4,56.77,4.86,0,10.45
2022,3,12.39,1.74,303.2,57.63,5.09,0,11.39
2022,4,14.45,2.46,313.2,55.07,5.58,0,9.97
2022,5,12.62,3.89,104.4,74.87,6.86,9.69,2.79
2022,6,13.22,3.62,130.2,87.98,8.37,0.86,8.13
2022,7,14.51,4.2,134.1,88.79,9.23,1.35,5.43
2022,8,14.59,5.88,120,92.8,9.74,32.4,1.81
2022,9,13.7,3.42,110.7,92.68,9.18,17.71,4.19
2022,10,11.36,2.48,311.9,82.45,6.87,3.45,10.87
2022,11,10.4,2.41,302.6,79.24,6.18,0.36,11.6
2022,12,10.82,2.19,303.4,81.7,6.55,0.05,9.77
2022,13,11.79,1.65,302.2,79.79,6.87,0,7.86
2022,14,11.34,1.35,306.4,81.43,6.72,0,5.85
2022,15,10.2,2.45,302.7,81.27,6.32,0,3.32
2022,16,10.48,2.86,286.9,73.85,5.72,0,8.45
2022,17,9.85,2.46,298.2,75.24,5.66,0,7.73
2022,18,9.84,3.01,294.8,78.8,5.91,0,9.31
2022,19,9.63,2.11,310.1,83.72,6.25,0,8.47
2022,20,12.51,1.66,67.8,79.2,7.21,0.89,7.16
2022,21,12.94,1.78,132,79.32,7.31,0.12,8.33
2022,22,10.7,6.61,121.3,88.62,7.24,6.77,3.67
2022,23,11.4,3.86,143.4,88.2,7.55,16.48,4.62
2022,24,10.64,2.25,290.1,82.36,6.57,0.17,7.41
2022,25,9.92,2.32,302.9,86.02,6.65,0.14,4.75
2022,26,9.64,2.69,302.6,85.16,6.42,0.09,9.76
2022,27,9.8,4.56,297.2,77.71,5.78,0.01,14.06
2022,28,9.6,5.27,290.7,72.15,5.25,0,15.95
2022,29,10.51,3.67,290.6,71.06,5.5,0,16.22
2022,30,12.08,4.94,295,73.24,6.42,0,16.09
2022,31,13.91,1.81,300.2,66.29,6.44,0,11.73
2022,32,13.48,3.82,296.2,66.62,6.34,0,11.18
2022,33,12.44,3.11,291.1,69.5,6.07,0,12.97
2022,34,11.66,4.81,107.2,80.42,6.99,14.44,3.82
2022,35,10.75,2.94,317.7,87.7,7.14,0.89,7.98
2022,36,11.23,2.55,296.8,76.89,6.41,0.01,13.54
2022,37,12.27,2.06,280.5,66.63,5.83,0,16.69
2022,38,13.62,1.92,207.4,68.8,6.53,0,15.39
2022,39,15.44,1.63,326.5,68.67,7.53,0.94,14.29
2022,40,13.05,3.9,322,80.33,7.64,8.7,11.19
2022,41,12.28,3.95,302.4,74.58,6.54,0,16.28
2022,42,11.5,5.02,295.3,69.74,5.78,0,17.36
2022,43,12.13,4.37,293.1,66.79,5.73,0,19.23
2022,44,14.73,1.95,295.2,54.47,5.63,0,17.55
2022,45,15.35,1.62,224.8,56.15,6.08,0,18.17
2022,46,15.66,1.72,312.1,60.27,6.6,0,17.37
2022,47,15.37,3.91,296,63.41,6.85,0,17.8
2022,48,15.35,3.18,312,64.85,6.8,0,18.21
2022,49,15.58,3.36,318.2,58.89,6.3,0,17.61
2022,50,15.28,4.25,307.8,60.08,6.3,0.02,18.24
2022,51,14.33,5.29,293.6,62.06,6.15,0,18.01
2022,52,15.69,2.94,302,52.43,5.39,0,20
2022,53,16.2,5.85,120.6,57.34,6.37,0,18.75
2022,54,16.3,5.34,121.5,63.18,7.16,0.06,14.16
2022,55,17.43,1.88,348.8,63.78,7.62,0.11,13.88
2022,56,18.15,2.25,79.9,58.02,7.2,1.27,15.77
2022,57,16.09,6.05,103.3,67.33,7.56,5.09,14.51
2022,58,16.43,2.89,336.8,66.45,7.51,0.08,17.93
2022,59,15.74,3.38,304.5,61.4,6.47,0,20.25
2022,60,17.22,2.26,304.7,52.16,6.05,0,19.36
2022,61,18.85,2.44,320.9,51.1,6.73,0,19.61
2022,62,19.95,1.83,79,52.56,7.29,0,18.32
2022,63,18.83,3.22,315.7,61.65,8.22,0,18.78
2022,64,18.03,3.44,297.8,60.82,7.44,0,21.03
2022,65,19.68,1.59,285.5,50.66,7.03,0,16.67
2022,66,20.31,1.29,99.1,49.04,7.11,0,18.07
2022,67,20.77,3.45,316.5,50.67,7.46,0,18.62
2022,68,21.02,4.35,314,48.51,6.99,0,19.05
2022,69,21.3,4.16,306,50.27,7.52,0,19.38
2022,70,21.28,3.89,305,52.02,7.74,0,21.07
2022,71,21.25,3.64,299.7,50.18,7.55,0,22.31
2022,72,23.59,4.31,295.7,48.39,8.48,0,20.47
2022,73,25.04,3,312.9,49.08,9.52,0,21.4
2022,74,25.82,4.25,304.1,49.47,9.83,0,20.82
2022,75,25.49,5.74,302.5,48.03,8.92,0,22.18
2022,76,25.53,1.51,51.9,49.44,9.54,0,20.83
2022,77,27.44,3.59,131.5,51.13,11.23,0,18.71
2022,78,28.33,2.24,120.2,40.73,9.25,0,20.18
2022,79,28.67,1.81,76.4,36.3,8.39,0,21.84
2022,80,28.17,3.64,323.9,34.77,7.95,0,20.4
2022,81,26.46,5.9,304.6,37.74,7.46,0,22.09
2022,82,26.99,3.6,312.4,32.61,6.51,0,20.38
2022,83,27.25,2.45,301.4,33.22,7.2,0,21.82
2022,84,26.2,4.86,304.2,34.23,6.56,0,22.76
2022,85,25.64,6.12,298.3,32.21,5.94,0,24.07
2022,86,26.84,5.42,302.2,28.05,5.46,0,23.82
2022,87,28.6,2.83,291.2,24.27,5.45,0,23.95
2022,88,28.77,4.48,314.6,27.53,5.99,0,24.46
2022,89,29.72,2.03,6.4,25.11,5.95,0,23.77
2022,90,29.22,2.13,101.9,27.31,6.38,0,22.96
2022,91,28.42,4.19,305.5,25.39,5.31,0,25.54
2022,92,29.19,2.45,309.3,21.32,4.81,0,25.64
2022,93,29.26,2.58,110.3,21.14,4.71,0,26.16
2022,94,29.69,4.16,298.7,19.41,4.55,0,25.31
2022,95,28.75,4.21,309.2,22.85,4.81,0,24.92
2022,96,29.81,4.35,309.7,22.2,5,0,24.53
2022,97,30.67,3.95,314.4,22.74,5.64,0,25.59
2022,98,31.59,3.57,307.4,21.63,5.47,0,26.11
2022,99,32.64,3.76,318.4,19.49,5.49,0,24.81
2022,100,32.37,4.21,303.1,19.56,5.23,0,24.77
2022,101,33.31,3.66,303,19.08,5.57,0,25.36
2022,102,33.88,3.19,277,17.24,5.47,0,16.76
2022,103,32.02,3.24,190.8,20.14,5.54,0,24.37
2022,104,31.52,3.42,311.1,19.22,5.24,0.06,23.11
2022,105,30.75,3.18,6.4,20.97,5.31,0.03,23.65
2022,106,31.85,3.08,0.7,17.01,4.55,0,25.33
2022,107,31.83,2.87,15.6,17.8,4.7,0,25.13
2022,108,33.75,4.91,328.8,15.81,4.62,0,24.39
2022,109,34.98,4.56,292.5,14.6,4.95,0,23.41
2022,110,34.14,6,309.7,17.72,5.62,0,24.45
2022,111,29.82,6.55,299.3,32.3,8.47,0.04,10.91
2022,112,31.29,3.2,315.8,26.4,6.59,0,24.13
2022,113,31.88,4.24,310,18.84,5.03,0,25.72
2022,114,32.26,7.2,307.8,17.3,4.82,0,26.01
2022,115,33.09,5.77,303,16.53,5.1,0,24.66
2022,116,34.29,4.95,304.6,15.28,4.96,0,24.6
2022,117,34.09,5.17,306.7,12.68,3.9,0,26.77
2022,118,35.5,3.22,294.8,11.14,3.78,0,25.31
2022,119,36.07,5.07,295.2,13.11,4.66,0,25.32
2022,120,36.58,3.55,285.5,11.72,4.21,0,25.97
2022,121,34.86,6.05,129.6,14.1,4.8,0,23.94
2022,122,34.59,5,116.4,20.12,6.73,0,24.49
2022,123,34.13,4.77,126.3,24.56,8.06,0,21.02
2022,124,34.73,4.57,137.4,27.45,9.04,6.29,19.99
2022,125,31.77,3.3,303.2,38.91,10.96,0.77,22.21
2022,126,33.55,4.03,294,31.53,9.86,0,21.05
2022,127,34.44,3.01,308.7,25.98,8.43,0,24.56
2022,128,34.48,2.91,131.6,22.22,7.25,0.03,24.76
2022,129,33.95,4.09,120.4,29.12,9.35,0.02,23.65
2022,130,34.61,4.05,129.8,33.63,11.24,0.08,22.17
2022,131,35.36,3.3,117.7,33.15,11.6,0.18,22.59
2022,132,36.98,3.47,182.3,27.77,10.38,0.03,23.66
2022,133,37.18,4.65,309.6,21.06,7.81,0.1,25.85
2022,134,37.27,6.07,292.8,12.05,4.26,0,26.99
2022,135,37.16,4.65,298.2,11.33,4.18,0,27.06
2022,136,36.82,4.62,297.2,13.83,5.27,0,21.27
2022,137,35.69,3.15,114.5,18,6.34,0.08,23.05
2022,138,36.67,3.44,155.1,16.58,6.23,0,22.84
2022,139,37.07,4.64,287.6,17.14,6.45,0.11,24.53
2022,140,38.38,6.28,283.9,14.99,6.18,0,23.13
2022,141,36.57,5.34,157.9,20.54,7.68,0.84,20.98
2022,142,34.61,3.4,161.4,21.63,6.94,0,24.57
2022,143,30.08,6.6,121,40,10.04,26.14,14.98
2022,144,28.27,4.67,145.4,52.45,12.54,9.15,23.21
2022,145,30.2,2.54,290.5,44.65,11.74,0.18,23.26
2022,146,32.08,3.07,311.7,38.17,11.09,0,23.85
2022,147,33.78,3.67,257.6,36.87,11.86,0.05,23.33
2022,148,36.4,4.07,255.8,33.89,12.49,0.59,22.19
2022,149,34.81,2.78,253.6,32.96,10.97,0.97,22.99
2022,150,34.21,3.41,150.4,32.03,9.9,0.88,22.38
2022,151,33.48,2.79,146.5,32.83,9.98,0.81,22.34
2022,152,35.69,4.43,314.5,24.08,8.19,0.02,23.48
2022,153,35.09,3.06,301.5,22.97,7.59,0,23.83
2022,154,35.78,5.11,308.1,20.31,6.83,0,25.51
2022,155,36.51,3.42,306.1,17.52,6.31,0,27.07
2022,156,36.96,3.05,295.8,17.82,6.7,0,26.69
2022,157,36.67,2.71,232.5,19.33,6.98,0,26.91
2022,158,37.24,4.69,281.6,17.38,6.65,0,23.32
2022,159,36.49,6.41,282.8,19.29,7.08,0,24.39
2022,160,37.31,3.7,274.3,20.44,7.89,0,23.35
2022,161,37.59,6.17,281.3,21.33,8.67,0,22.85
2022,162,38.21,6.57,285.9,20.78,8.56,0.05,24.11
2022,163,38.27,5.35,291.7,20.31,8.33,0.03,25.26
2022,164,39.11,5.66,285.5,19.87,8.57,0,19.71
2022,165,38.31,6.38,279.5,30.3,12.65,0,18.48
2022,166,38.51,5.99,279.6,31.45,13.13,0.22,25.6
2022,167,37.56,3.37,284.7,34.01,13.96,0.61,24.44
2022,168,33.04,3.55,301.6,56.52,18.12,18.36,18.7
2022,169,31.52,3.67,298.3,55.36,16.08,8.12,17.85
2022,170,31.12,2.83,243.1,57.81,16.19,1.27,10.91
2022,171,32.67,2.17,259.2,41.38,12.5,0.19,15.35
2022,172,32.5,3.29,162.6,41.07,12.5,1.09,17.87
2022,173,33.37,2.77,343.3,41.09,12.79,0.08,22.57
2022,174,33.18,5.21,306.1,38.81,11.82,0,25.26
2022,175,32.93,4.4,299.1,31.58,9.13,0,26.57
2022,176,34.55,1.85,225,27.3,8.89,0,26.05
2022,177,35.12,4.37,126.5,31.48,11.18,0.21,23.48
2022,178,36.03,4.39,128,43.3,16.24,0,21.21
2022,179,37.05,2.65,99,40.06,15.75,0.77,18.09
2022,180,37.39,3.4,263.7,42.31,16.65,6.92,17.59
2022,181,30.05,4.97,124.7,79.74,21.87,35.73,3.78
2022,182,31.13,3.67,114.7,66.62,18.8,3.79,12.36
2022,183,32.07,3.08,178.3,63.06,18.88,5.63,18.68
2022,184,33.34,3.1,133.8,58.32,18.95,0.91,19.44
2022,185,33.65,2.81,128,57.83,19.2,2.82,19.99
2022,186,33.1,3.1,112.9,56.82,18.15,1.23,19.35
2022,187,33.96,4.3,116.3,53.59,18,2.34,21.07
2022,188,34.64,4.51,114.1,51.25,17.73,0.04,23.92
2022,189,35.85,2.68,122.5,48.2,17.8,0.07,24.47
2022,190,32.37,4.04,131.9,58.96,18.38,7.54,10.92
2022,191,30.97,3.17,73.3,63.55,18.07,1.06,15.86
2022,192,33.39,2.56,12.7,58.49,18.75,6.36,21.29
2022,193,32.08,3.04,65.8,65.62,20.04,28.35,13.6
2022,194,33.21,2.37,98.8,60.78,19.45,0.38,18.47
2022,195,33.05,3.68,98.5,58.85,18.67,1.28,20.9
2022,196,33.95,5.29,108.6,53.24,17.54,0.26,23.37
2022,197,32.69,4.73,114.3,58.94,18.56,10.69,11.51
2022,198,33.51,3.91,100.1,58.74,18.9,1.45,18.87
2022,199,34.55,2.39,52.3,55.66,18.73,0.56,23.25
2022,200,34.35,2.74,346.4,59.04,19.99,3.05,20.14
2022,201,31.55,2.45,277.4,73.47,21.87,15.02,8.51
2022,202,29.21,1.77,166.6,82.13,21.42,11.8,12.8
2022,203,30.69,2.93,108.5,70.59,19.65,1.71,14.64
2022,204,30.43,5.76,122,72.72,19.8,5.15,15.83
2022,205,30.08,5.19,109.9,71.97,19.49,1.43,19.04
2022,206,30.9,5.26,122.7,65.58,18.45,0.54,19.97
2022,207,30.25,4.08,128.4,71.41,19.31,2.36,18.18
2022,208,29.94,3.26,146.5,70.26,18.89,5.58,16.45
2022,209,29.55,2.34,146.9,78.23,20.53,14.44,17.25
2022,210,29.67,2.74,240.8,79.26,20.88,11.12,11.9
2022,211,29.08,2.07,250.1,82.49,21.16,20.26,13.68
2022,212,29.45,2.21,244.4,81.07,21.28,11.66,16.09
2022,213,29.19,1.48,313.3,83.5,21.69,4.18,18.02
2022,214,30.16,2.04,302.6,76.74,20.82,0.7,21.61
2022,215,31.02,1.71,203.2,71.72,20.51,1.77,16.07
2022,216,29.75,2.75,123.5,78.13,20.79,7.32,12.85
2022,217,29.53,3.62,124.6,78.18,20.53,5.55,11.54
2022,218,30.46,1.62,138,73.75,20.42,0.85,13.75
2022,219,27.87,3.74,165.7,87.99,21.37,2.84,5.65
2022,220,30.46,2.56,104.7,74.77,20.59,1.15,21.49
2022,221,31.18,2.55,99.8,69.67,20.07,0.63,21.53
2022,222,32.24,3.49,118.5,62.93,19.06,0.04,23.03
2022,223,29.23,5.38,97.6,72.9,18.88,1.99,9.06
2022,224,30.68,4.62,96.9,65.78,18.04,0.01,22.27
2022,225,31.44,3.72,108.8,65.02,18.82,0,18.79
2022,226,31.39,2.98,167.3,66.88,19.34,1.44,11.19
2022,227,28.9,4.78,80.5,73.58,18.55,10,16.5
2022,228,29.78,7.12,106.6,68.45,18.22,0.53,12.74
2022,229,30.37,5.24,143.7,67.11,18.16,0.1,20.62
2022,230,31.2,2.43,235.2,66.11,18.94,0,21.86
2022,231,30.68,4.12,285.3,68.9,19.24,3.22,20.77
2022,232,29.92,1.72,3.6,68.95,18.53,3.7,13.98
2022,233,30.67,2.29,312.3,63.9,17.39,0.12,18.56
2022,234,31.73,2.46,93.9,63.52,18.5,0.37,17.63
2022,235,31.19,6.72,115,62.02,17.75,1.07,19.07
2022,236,29.52,4.34,131.2,69.72,17.95,2.63,15
2022,237,31.18,2.22,165.5,63,17.65,0.14,18.74
2022,238,31.21,3.49,303.5,64,18.27,0,18.94
2022,239,30.63,5.01,292.9,64.63,17.89,0,20.58
2022,240,30.91,4.93,289.9,61.92,17.28,0.78,19.28
2022,241,31.19,1.55,326.1,60.27,17.05,1.32,17.2
2022,242,31.38,3.04,300.8,63.64,17.99,2.83,17.09
2022,243,31.91,4.12,297.6,62.12,18.28,0.06,19.59
2022,244,32.4,3.37,302.2,59.74,17.98,0.89,19.45
2022,245,32.19,3.12,301.4,55.84,16.77,1.97,16.44
2022,246,31.67,4.91,289.7,55.88,16.22,0.01,23.51
2022,247,32.27,3.92,285.8,53.67,15.85,0,23.75
2022,248,31.75,2.65,303.8,56.11,16.31,0.49,22.48
2022,249,31.68,3.12,321.5,54.79,15.76,0,19.94
2022,250,31.83,3.63,322.7,53.7,15.48,0.16,20.66
2022,251,31.35,2.43,2.4,54.18,14.83,0.1,19.63
2022,252,32.17,1.23,42.2,53.27,15.56,0.18,18.06
2022,253,32.09,2.31,158.1,60.89,18.09,1.62,16.25
2022,254,32.05,1.74,115.4,61.65,18.35,1.07,19.72
2022,255,31.6,3.53,113.4,58.34,17.06,0.95,20.53
2022,256,30.73,4.42,101.7,61.48,16.94,1.41,19.22
2022,257,29.89,4.7,102.7,64.5,17.05,2.16,11.68
2022,258,27.39,4.2,60.9,78.63,18.1,16.26,9.49
2022,259,26.71,2.61,355.9,84.05,18.81,22.05,7.35
2022,260,28.64,2.91,323.8,71.37,17.39,3.5,18.37
2022,261,28.75,3.53,335.1,68.1,16.48,2.41,19.29
2022,262,29.01,3.1,353.6,66.15,16.54,3.88,12.63
2022,263,29.52,1.62,133.2,74.12,19.12,13.7,13.69
2022,264,29.23,2.91,144.2,76.4,19.45,16,8.68
2022,265,28.12,4.32,83.1,84.93,20.64,47.05,6.01
2022,266,27.04,3.71,98.9,89.25,20.44,30.05,6.01
2022,267,26.38,4.64,112.3,90.56,20,46.2,4.38
2022,268,26.66,4.03,245.1,86.52,19.32,20.5,12.71
2022,269,26.01,4.05,314.9,84.92,18.07,0.44,18.35
2022,270,25.98,3.51,304.7,82.05,17.42,0,20.37
2022,271,26.4,3.24,307.3,80.06,17.46,0.33,19.71
2022,272,26.26,2.99,310.2,81.53,17.64,0,19.77
2022,273,26.16,2.92,320,82.5,17.73,0,18.99
2022,274,26.5,3.1,316.4,76.84,16.81,0.03,18.97
2022,275,25.8,3.21,312.6,74.92,15.68,0.02,19.8
2022,276,24.69,4.84,307.5,77.48,15.19,0,20.26
2022,277,25.99,2.08,331.6,73.75,15.49,0,17.9
2022,278,27.43,1.95,126.9,74.52,17.2,0.56,14.08
2022,279,25.56,2.05,141.5,84.58,17.57,2.26,13.12
2022,280,24.6,3.19,102.1,90.38,17.79,6.11,6.42
2022,281,24.09,3.94,105,93.8,18.01,12.86,4.2
2022,282,23.62,5.2,84,93.77,17.5,93.95,5.64
2022,283,24.33,4.41,138.1,90.08,17.43,15.75,5.82
2022,284,24.73,1.08,275.3,81.25,16,10.11,12.91
2022,285,23.73,2.17,323.3,81.63,15.07,4.77,17.22
2022,286,22.62,2.99,308.5,82.07,14.09,0,18.77
2022,287,22.08,3.22,313.8,81.36,13.47,0,18.3
2022,288,22.9,1.83,313.2,74.82,12.99,0,18.1
2022,289,23.67,1.36,359.3,70.16,12.7,0,17.4
2022,290,22.76,2.47,304.1,70.62,12.26,0,17.84
2022,291,23.19,1.84,299.1,58.34,10.44,0.01,17.83
2022,292,22.6,1.8,109,64.15,10.94,0,18.31
2022,293,22.3,1.55,131.8,71.56,11.86,0,17.69
2022,294,23.51,1.56,286,63.82,11.38,0,17.74
2022,295,22.03,1.99,342.8,66.87,11.09,0,16.73
2022,296,22.11,1.06,28.8,59.58,9.83,0,16.37
2022,297,20.7,2.68,329.4,70.42,10.72,0,17.35
2022,298,20,3.85,296.8,70.77,10.33,0,17.6
2022,299,21.51,2.8,308.8,63.09,10.24,0,17
2022,300,21.95,1.86,261.1,64.71,10.59,0,16.3
2022,301,21.55,1.65,64.6,67.93,10.98,0,15.2
2022,302,21.8,2.09,272.1,64.98,10.38,0,13.34
2022,303,21.22,2.14,335.9,58.69,9.32,0,14.17
2022,304,21.4,1.6,18.5,64.11,10.13,0,14.42
2022,305,21.04,1.62,138.4,71.46,11.06,0,14.07
2022,306,20.64,2.94,319.9,81.1,12.3,0,14.61
2022,307,21.1,3.4,315.4,73.79,11.49,0,12.88
2022,308,21.03,1.62,140.3,80.18,12.39,0,12.42
2022,309,20.53,3.43,120.5,88.3,13.56,0,12.78
2022,310,21.01,2.34,133.6,85.97,13.58,0,13.34
2022,311,21.99,1.58,120.2,81.98,13.7,0,14.3
2022,312,21.04,2.45,281.5,80.32,12.52,0,10.06
2022,313,21.39,1.89,255.5,72.74,11.34,0,11.84
2022,314,20.18,2.68,315.5,71.53,10.5,0.01,11.18
2022,315,17.95,4.59,306.5,75.21,9.53,0.03,12.99
2022,316,17.41,5.09,303.2,68.63,8.33,0,15.15
2022,317,18.15,4.19,298.9,62.75,8.09,0,13.94
2022,318,18.93,3.86,24.5,64.77,8.62,0,13.47
2022,319,18.79,3.39,345.6,75.79,10.2,0.04,12.47
2022,320,17.64,3.89,310.6,72.88,9.01,0,12.81
2022,321,16.05,5.38,302.6,72.96,8.17,0,14.08
2022,322,16.25,3.29,316.2,64.33,7.19,0,14.62
2022,323,16.58,1.95,335.6,62.58,7.31,0,13.55
2022,324,16.04,2.67,311.3,68.67,7.7,0,13
2022,325,16.16,4.38,310.5,68.76,7.72,0,14.3
2022,326,15.49,4.05,301.4,61.48,6.57,0,15.09
2022,327,15.1,4.91,297.1,60.31,6.28,0,15.04
2022,328,15.67,4.05,298.9,56.56,6.08,0,14.9
2022,329,16.58,2.7,302.5,53.91,6.23,0,14.46
2022,330,15.48,4.39,305.8,61.98,6.63,0,13.95
2022,331,15.97,2.73,319,57.87,6.39,0,13.74
2022,332,16.4,2.53,320,51.48,5.9,0,13.06
2022,333,16.46,1.6,305.6,56.98,6.65,0,11.83
2022,334,16.07,2.28,304.6,65.15,7.21,0,10.93
2022,335,16.13,3.08,297.2,61.22,6.79,0,12.28
2022,336,17.65,1.07,270.8,52.39,6.46,0,12.06
2022,337,17.85,1.09,267.9,52.68,6.69,0,11.34
2022,338,16.21,2.45,296.4,62.51,7.07,0,10.29
2022,339,15.05,2.51,304.8,57.77,6.03,0,12.46
2022,340,14.12,5.02,298.1,60.22,5.95,0,13.12
2022,341,13.57,5.51,297.5,61.57,5.8,0,13.77
2022,342,13.76,4.43,313.6,62.53,5.97,0,13.21
2022,343,15.35,3.49,311,60.3,6.36,0,12.97
2022,344,16.5,3.34,327.4,67.06,7.59,0,12.59
2022,345,17.03,3.71,314.7,60.11,6.92,0,13.47
2022,346,16.39,4.69,312,56.66,6.27,0,14.25
2022,347,16.12,5.6,308.2,54.71,6.01,0,14.48
2022,348,13.99,5.79,299.4,57.2,5.4,0,14.7
2022,349,12.9,3.95,291.3,54.9,4.95,0,14.68
2022,350,13.56,3.25,293.3,51.09,4.81,0,14.15
2022,351,14.01,3.3,300.1,48.38,4.64,0,13.49
2022,352,13.75,2.91,311.9,54.24,5.31,0,11.69
2022,353,13.32,2.58,311.6,56.82,5.36,0,10.14
2022,354,12.76,3.41,307.3,58.09,5.14,0,10.78
2022,355,12.85,2.45,328.4,57.37,5.06,0,11.29
2022,356,12.4,2.99,328.9,55.72,4.79,0,10.52
2022,357,12.63,2.49,336.6,55.63,4.89,0,10.14
2022,358,11.81,3.69,316.3,56.67,4.78,0,10.89
2022,359,10.55,3.54,308.9,59.89,4.67,0,10.83
2022,360,11.39,2.57,314.5,58.33,4.78,0,6.26
2022,361,11.8,5.4,301.5,53.2,4.4,0,10.75
2022,362,12.45,6.74,294.9,49.55,4.24,0,13.74
2022,363,14.13,2.61,290.9,57.44,5.8,0.02,11.58
2022,364,14.71,2.6,132.2,61.04,6.21,0.02,8.32
2022,365,12.89,4.85,302.9,69.29,6.18,0,11.03
2023,1,12.71,1.76,305.4,54.21,4.79,0,11.05
2023,2,11.71,2.06,300.5,57.63,4.76,0,6.66
2023,3,9.89,3.27,309.4,55.67,4.08,0,6.87
2023,4,8.8,2.63,305.3,58.98,4.06,0,6.95
2023,5,8.57,2.53,298.5,59.6,3.97,0,6.22
2023,6,8.31,2.61,292.4,53.18,3.47,0,8.49
2023,7,9.78,3.48,297.5,48.46,3.49,0,10.54
2023,8,12.31,3.56,291,48.6,4.17,0,9.39
2023,9,13.09,3.2,296.5,51.72,4.59,0,7.95
2023,10,12.93,3.51,299.9,55.57,5,0,8.83
2023,11,13.67,2.25,268.5,64.32,5.99,0.21,9.12
2023,12,14.2,2.84,118.8,69.94,7,6.77,11.2
2023,13,16.13,3.91,124.3,74.18,8.44,0.35,7.9
2023,14,12.7,3.45,307.3,57.09,5.23,0.17,10.17
2023,15,8.42,3.65,293,42.4,2.86,0,15.52
2023,16,9.45,3.24,303.8,43.94,3.09,0,15.09
2023,17,9.09,4.13,302.8,42.19,2.79,0,14.86
2023,18,8.9,2.58,303.4,42.49,2.9,0,14.71
2023,19,12.35,1.86,281.1,45.6,3.86,0.24,12.87
2023,20,13.13,2.86,356.6,61.56,5.41,0.37,11.16
2023,21,14.33,1.52,337.2,58.15,5.53,0,11.49
2023,22,15.2,1.41,17.6,51.62,5.27,0,10.09
2023,23,16.28,2.73,112.2,51.09,5.72,0.17,10.52
2023,24,15.58,4.19,120.7,78.47,8.79,3.89,5.42
2023,25,16.08,3.27,139.8,81.33,9.31,0.19,3.91
2023,26,15.18,3.15,314.3,62.93,6.67,0,6.3
2023,27,12.53,4.09,302.7,50.06,4.35,0,14.96
2023,28,12.82,3.58,295.4,44.59,3.85,0,16.61
2023,29,14.79,3.95,122.7,45.82,4.56,0.01,3.41
2023,30,13.44,3.44,73.3,72.12,7.04,11.95,7.16
2023,31,14.41,5.21,308.3,73.46,7.29,0,12.88
2023,32,13.21,4.87,297.1,61.64,5.51,0,17.29
2023,33,14.19,4.88,299.3,50.14,4.74,0,17.5
2023,34,14.93,4.38,298.8,49.23,4.88,0,16.75
2023,35,16.23,5.46,294.3,48.66,5.33,0,16.89
2023,36,16.66,4.41,299,55.76,6.14,0,17.13
2023,37,19.41,2.83,253.6,39.91,5.42,0,16.79
2023,38,17.44,4.73,304.7,46.68,5.62,0.01,16.52
2023,39,15.31,4.93,302.3,42.78,4.26,0,17.62
2023,40,17.21,3.09,240.2,38.65,4.43,0,17.26
2023,41,18.1,3.31,142.1,47.79,6.02,0,16.99
2023,42,18.58,3.62,292,46.76,6.05,0.01,15.89
2023,43,15.04,5.42,309.8,34.96,3.39,0.03,18.84
2023,44,14.3,7.9,295.9,31.29,2.9,0,19.57
2023,45,16.33,5.28,300.7,33.54,3.71,0,17.85
2023,46,18.37,5.38,301.4,41.38,5.16,0,18.48
2023,47,19.12,1.75,358.2,47.66,6.38,0,16.94
2023,48,20.47,2.42,239.5,46.68,6.8,0,15.03
2023,49,20.18,2.8,286.2,43.35,6.09,0,17.38
2023,50,22.01,1.67,253.1,31.36,4.9,0,16.89
2023,51,22.56,2.25,174,33.39,5.42,0,17.59
2023,52,20.23,3.03,218.2,42.87,5.89,0,18.84
2023,53,19.93,3.68,326.8,39.76,5.23,0.22,15.11
2023,54,19.33,5.19,299.6,34.02,4.31,0,19.61
2023,55,19.57,3.93,299,34.63,4.46,0,17.35
2023,56,20.96,2.94,302.5,34.14,4.89,0,19.12
2023,57,21.97,2.94,326.7,34.64,5.45,0,18.79
2023,58,22.41,3.4,301.8,38.63,6.1,0,18.65
2023,59,22.19,3.14,332.4,40.06,6.16,0,17.59
2023,60,22.49,2.61,340,40.37,6.46,0,14.74
2023,61,23.05,4.1,305.7,41.37,6.82,0,19.12
2023,62,23.59,4.95,311.4,42.64,7.2,0,19.48
2023,63,22.54,4.83,304.8,40.16,6.41,0,12.49
2023,64,22.37,4.14,301.6,40.12,6.28,0,20.1
2023,65,22.34,4.28,300.4,38.77,6,0,21.07
2023,66,22.59,3.34,298.4,35.91,5.69,0,19.93
2023,67,23.52,2.37,306.8,35.76,6.18,0,18.59
2023,68,23.46,1.91,290,39.1,6.78,0.67,16.85
2023,69,22.86,3.24,292.8,38.39,6.19,0,19.73
2023,70,23.65,2.83,306,32.28,5.57,0,20.84
2023,71,25.1,2.67,310.3,33.03,6.22,0,20.99
2023,72,24.66,2.81,310.2,38.65,7.23,0,17.82
2023,73,24.9,3.92,302.5,38.37,7.06,0.04,20.79
2023,74,26.11,2.45,326,31.86,6.35,0,19.16
2023,75,26.27,3.32,197.6,31.31,6.35,0.01,14.12
2023,76,24.89,2.83,172.4,43.64,8.42,0.27,12.31
2023,77,20.53,2.71,110.8,69.16,10.43,7.55,9.9
2023,78,23,1.45,81.1,56.08,9.43,1.17,15.96
2023,79,20.73,1.68,85.8,66.26,10.12,20.2,10.25
2023,80,20.11,1.9,269.4,72.48,10.64,20.68,14.1
2023,81,21.56,3.15,310,55.36,8.57,0.01,18.23
2023,82,22.59,4.07,303.5,48.77,7.94,0,21.54
2023,83,24.12,2.92,139.4,51.33,9.49,2.54,12.24
2023,84,23.04,3.32,94.4,61.96,10.44,6.33,20.7
2023,85,23.39,4.18,320.3,49.59,8.36,0.02,21.73
2023,86,22.04,4.4,298.1,44.99,7.07,0,23.15
2023,87,23.1,3.84,305.6,41.14,6.88,0,23.42
2023,88,25.57,2.25,323.4,38.72,7.56,0,18.56
2023,89,25.73,5.03,297.7,46.59,8.97,6.01,18.7
2023,90,20.5,3.11,103.8,79.19,12.04,10.72,16.94
2023,91,22.69,2.26,242.1,62.26,10.48,2.44,22.13
2023,92,23.68,3.97,305.9,52.96,9.34,0,20.32
2023,93,25.27,2.32,313.2,49.52,9.46,2.54,22.84
2023,94,24.66,4.06,309.8,50.64,9.5,0,22.84
2023,95,24.35,3.72,305.3,42.51,7.36,0,24.02
2023,96,24.54,5.93,316.2,36.24,6.73,0,24.8
2023,97,24.58,4.59,309.4,32.54,5.62,0,23.86
2023,98,24.55,4.18,298.6,29.09,4.87,0,25.93
2023,99,25.54,3.78,299,28.94,5.23,0,25.96
2023,100,25.56,3.91,298.1,31.08,5.72,0,24.64
2023,101,27.14,5.5,308.4,33.24,6.85,0,25.74
2023,102,28.98,5.14,300.9,34.29,7.93,0,23.37
2023,103,28.85,4.63,311.9,31.97,7.17,0,25.35
2023,104,29.89,3.25,302.9,31.78,7.66,0,23.77
2023,105,31.73,2.83,281.2,24.26,6.36,0,25.51
2023,106,31.36,3.52,258.8,27.28,7.24,0,23.87
2023,107,32.48,3.56,284.5,26.75,7.55,0,26.35
2023,108,31.97,3.26,279.7,30.27,8.73,0,25.22
2023,109,30.38,3.66,316.4,38.51,10,0.01,22.93
2023,110,29.38,2.81,313,43.65,10.82,1.8,22.37
2023,111,28.42,2.58,341.3,36.58,8.18,0.75,22.41
2023,112,27.86,3.14,325.9,31.11,6.64,0.11,25.86
2023,113,25.19,5.3,310.2,35.36,6.93,0.06,16.97
2023,114,26.67,3.77,128.8,38.47,7.8,0.03,20.68
2023,115,27.67,3.95,159.6,33.4,7.34,0.01,23.93
2023,116,29.36,1.95,287.1,31.89,7.94,0,20.8
2023,117,27.19,4.46,353.5,39.58,9.01,0.72,20.05
2023,118,27.63,3.76,283.5,42.23,9.28,0.67,12.97
2023,119,27.57,5.24,252.3,44.63,10.05,1.26,13.42
2023,120,25.64,2.5,94.6,58.53,11.73,2.31,12.34
2023,121,21.89,4.96,105.6,79.53,13.23,18.24,7.74
2023,122,22.05,3.29,110.5,79.87,13.4,4.41,14.03
2023,123,24.16,1.75,37.4,67.76,12.57,10.5,14.61
2023,124,26.81,2.11,308.6,53.09,11.17,3.78,24.36
2023,125,27.09,6.11,284,45.19,10.06,0,22.97
2023,126,28.92,5.15,300.3,42.44,10.17,0.01,21.34
2023,127,31.06,3.67,275.3,33.87,8.91,0.01,23.77
2023,128,30.89,3.61,196.9,27.62,7.16,0.64,25.54
2023,129,28.7,5.29,316.7,26.45,5.91,0.02,28.19
2023,130,28.24,4.82,312.2,26.78,5.81,0,28.76
2023,131,30.42,2.79,314.6,23.86,5.67,0,27.97
2023,132,32.28,2.36,265.5,19.15,5.6,0,27.45
2023,133,32.74,3.01,139.8,24.4,6.99,0,26.12
2023,134,33.39,4,295.9,24.66,7.62,0,23.73
2023,135,32.88,4.59,291.6,28.55,8.42,0,26.08
2023,136,32.77,4.09,277.6,27.76,8.04,0.01,20.8
2023,137,33.73,4.23,287,29.54,9.28,0,21.41
2023,138,31.22,5.44,300.7,41.48,11.52,6.48,25.01
2023,139,31.55,6.15,299,34.17,9.36,0,27.88
2023,140,32.31,5.8,295.4,29.6,8.32,0,27.89
2023,141,34.3,4.34,297.7,23.95,7.43,0,26.69
2023,142,35.28,5.35,290.2,28.04,9.48,0,26.24
2023,143,36.23,5.2,294.3,29.86,10.79,1.35,24.65
2023,144,33.24,2.51,190.8,40.27,12.77,1.35,15.64
2023,145,31.92,2.95,287.7,44.76,13.1,6.37,24.03
2023,146,30.1,3.24,219.4,50.44,13.27,10.02,23.19
2023,147,29.68,4.34,216.7,51.47,13.34,2.51,19.74
2023,148,29.54,2.68,155.1,46.27,12,0.29,21
2023,149,30.53,2.68,205.8,46.79,12.53,1.13,17.59
2023,150,30.31,3.24,254.8,48.81,12.81,0.98,23.23
2023,151,28.34,4.24,266.7,53.05,12.64,3.75,22.89
2023,152,29.21,4.43,307.9,46.61,11.15,0.07,20.18
2023,153,30.03,4.31,306.7,43.57,10.99,0.06,26.25
2023,154,30.61,4.25,304.3,39.32,10.35,0,26.78
2023,155,28.99,6.14,252.6,43.45,10.41,0.32,15.86
2023,156,32.48,4.37,289.1,38.21,10.95,0.1,24.78
2023,157,33.07,4.02,320.1,36.96,11.17,0.02,24.48
2023,158,33.12,4.17,308.8,34.4,10.47,0.01,25.68
2023,159,33.92,5.43,308.3,34.36,10.98,0,25.39
2023,160,35.55,4.98,302.4,32.1,11.21,0,26.32
2023,161,36.78,5.73,284.4,33.03,12.62,0.23,25.34
2023,162,36.14,6.03,299.1,35.7,13.42,0,25.59
2023,163,36.4,6.86,300.5,33.5,12.46,0,25
2023,164,37.98,7.86,291.8,31.55,12.9,0,27.22
2023,165,37.39,7.93,289.8,33.48,13.43,0,27.02
2023,166,35.3,7.11,301.3,40.17,14.65,0,23.42
2023,167,35.47,5.66,293.4,40.84,14.47,0.59,20.58
2023,168,36.03,4.03,245.3,38.98,14.5,0.96,20.81
2023,169,34.64,2.86,205.2,42.44,14.67,0.99,21.43
2023,170,34.87,5,132.2,43.78,15.44,1.81,11.7
2023,171,34.59,3.4,91.5,47.86,16.51,6.06,22.67
2023,172,33.87,2.55,137,51.9,17.1,2.64,18.95
2023,173,33.9,2.34,314,56.91,19.33,9.66,19.02
2023,174,34.81,2.88,62.1,54.43,19.18,1.84,16.26
2023,175,31.87,2.9,86.1,66.29,19.96,31.23,12.16
2023,176,29.32,2.27,134,80.82,21.13,30.79,4.52
2023,177,30.41,3.66,102.8,70.5,19.22,8.9,13.11
2023,178,31,2.68,120.6,66.72,18.97,7.23,17.67
2023,179,31.32,3.11,97.6,68.65,19.99,12.39,17.87
2023,180,30.4,3.73,91.6,71.77,19.86,11.61,15.86
2023,181,30.03,2.74,73.3,74.33,20.11,9.81,16.94
2023,182,29.87,2.1,24.2,70.76,18.72,2.21,18.66
2023,183,31.28,2.99,333.9,66.29,18.94,0.05,19.57
2023,184,32.55,2.77,58.1,59.25,18.26,0.14,21.9
2023,185,33.3,2.48,100.4,59.92,19.21,1.32,15.48
2023,186,31.53,3.69,104.7,69.45,20.5,18.71,17.18
2023,187,28.68,3.36,108.1,84.01,21.24,21.03,11.99
2023,188,28.97,3.6,119.2,81.13,20.68,14.11,15.55
2023,189,28.54,4.55,107.1,87.26,21.91,27.24,8.04
2023,190,29.03,4.37,118.4,86.91,22.44,52.16,9.83
2023,191,29.73,3.5,147.5,84.03,22.47,28.93,12.88
2023,192,30.17,1.7,80.9,79.65,21.82,14.46,13.33
2023,193,29.85,1.51,239.9,83.98,22.7,36.52,15.05
2023,194,29.4,2.57,156,83.49,21.88,8.72,16.46
2023,195,28.94,1.27,256.4,83.38,21.29,7.2,13.82
2023,196,29.16,2.44,194.8,83.28,21.53,3.38,12.23
2023,197,30.02,1.88,198.3,78.85,21.43,2.74,18.28
2023,198,30.87,2.07,172.9,77.38,22.21,5.26,14.55
2023,199,29.47,3.6,152.2,85.36,22.66,21.57,10.04
2023,200,28.72,3.3,123.3,83.26,21.05,0.88,20.52
2023,201,31.21,2.04,115.6,74.37,21.6,0.13,23.78
2023,202,31.04,2.37,136.3,79.31,22.87,2.76,16.03
2023,203,29.51,4.74,112.7,84.09,22.21,4.34,18.45
2023,204,29.47,3.91,98.3,83.5,21.99,0.51,21.6
2023,205,29.82,3.44,122.2,81.23,21.76,0.36,22.57
2023,206,29.45,2.34,153.3,87.03,23.07,18.56,17.63
2023,207,29.28,2.32,170.5,85.99,22.45,16.23,7.62
2023,208,28.91,1.26,271,86.18,22.02,13.67,18.64
2023,209,29.46,1.15,272,83.36,21.92,19.06,14.15
2023,210,29.12,1.94,189.4,85.22,22.06,4.76,14.8
2023,211,29.39,2.09,286.9,85.68,22.61,1.73,20.32
2023,212,29.74,2.72,298.2,81.54,21.85,1.79,19.67
2023,213,29.97,3.46,294.9,81.7,22.22,0.04,23.25
2023,214,30.15,3.39,279,83.49,23.01,0.59,17.1
2023,215,29.65,2.31,304.8,85.1,22.85,5.08,17.88
2023,216,29.63,1.67,355.8,85.74,22.96,45.25,10.26
2023,217,29.17,3.15,272.5,88.69,23.16,28.95,13.54
2023,218,29.51,4.03,276.5,83.97,22.24,11.36,20.26
2023,219,28.96,5,273,85.85,22.15,2.33,17.1
2023,220,29.12,4.73,268.5,85.3,22.2,0.69,16.55
2023,221,29.3,3.6,274.3,84.47,22.13,5.66,16.49
2023,222,28.84,3.23,286.6,85.86,21.82,11.07,16.89
2023,223,28.68,3.1,300.8,85.82,21.6,4.43,19.82
2023,224,28.82,4.1,271.2,82.67,20.97,0.18,22.53
2023,225,28.62,3.33,242.4,83.85,21.15,1.12,16.21
2023,226,26.77,3.01,159.5,89.46,20.24,1.98,15.36
2023,227,28.36,1.8,324.2,82.4,20.29,2.08,16.13
2023,228,29.12,3.07,296.7,80.95,20.88,2.54,19.48
2023,229,29.29,4.05,295.6,83.64,21.82,1.45,21.36
2023,230,29.77,2.18,321.6,82.03,21.97,0.65,21.11
2023,231,29.66,2.57,113.6,84.67,22.64,7.38,13.53
2023,232,30.44,3.08,125.8,79.15,22.02,1.19,21.91
2023,233,30.45,1.92,190.8,77.27,21.52,2.2,20.18
2023,234,29.5,2.46,177.1,85.23,22.56,12.96,10.7
2023,235,28.21,2.86,226.9,89.89,22.23,28.49,2.82
2023,236,28.11,2.66,270,84.28,20.62,0.76,15.04
2023,237,28.63,3.7,270.7,81.2,20.37,0.11,19.71
2023,238,28.67,3.42,281.3,80.31,20.15,0.67,20.68
2023,239,28.3,3.98,293.3,81.09,19.89,0.13,21.01
2023,240,28.48,4.16,302.6,81.83,20.26,0.13,20.09
2023,241,28.12,3.55,306,82.56,19.99,0.02,21.89
2023,242,27.86,3.68,311.7,82.8,19.66,0.04,21.7
2023,243,28,2.88,310.2,80.56,19.23,0,21.69
2023,244,27.92,3.74,306.2,77.7,18.36,0,21.98
2023,245,27.37,4.19,304.7,77.11,17.61,0,23.48
2023,246,27,3.18,307.3,77.44,17.33,0,23.83
2023,247,27.27,3.21,327.8,79.03,18.12,0,23.25
2023,248,29.14,1.25,55.4,78.35,20.01,0.2,22.09
2023,249,29.8,1.35,123.7,75.16,19.79,0.04,15.21
2023,250,29.93,1.4,120.2,72.12,19.12,0.56,20.47
2023,251,28.06,1.81,111.2,79.51,19.12,9.63,18.49
2023,252,27.77,3,93.1,84.62,20.1,11.05,11.42
2023,253,26.51,4.43,88.9,91.31,20.38,69.48,9.5
2023,254,27.43,2.18,69.7,85.31,19.87,0.37,15.51
2023,255,28.63,1.43,53.9,79.72,19.83,0.28,17.26
2023,256,28.65,1.29,168.2,83.25,20.89,0.31,17.59
2023,257,28.98,1.71,160.4,85.55,21.9,14.14,18.4
2023,258,28.81,2.71,138.9,86.09,21.81,3.94,13.83
2023,259,26.7,4.74,101.1,88.58,19.86,9.68,10.65
2023,260,26.82,3.99,89.5,90.85,20.6,3.04,14.69
2023,261,27.18,4.92,121.6,85.18,19.59,0.11,19.45
2023,262,28.16,2.66,135.1,81.78,19.84,0.03,20.61
2023,263,29.25,1.27,184.7,77.44,19.94,0,19.54
2023,264,29.11,1.86,75.7,78.32,20.1,0.04,17.2
2023,265,28.63,1.54,51.6,80.36,20.01,1.83,18.2
2023,266,28.36,2.53,299.8,81.44,20.04,7.6,13.78
2023,267,27.56,2.11,326.2,81.8,19.11,2.36,14.85
2023,268,27.7,1.58,9.6,77.83,18.2,0,19.3
2023,269,26.61,2.26,356.3,78.23,17.05,0,19.13
2023,270,25.82,2.34,324.1,79.51,16.48,0,20.32
2023,271,24.98,2.4,326.6,78.35,15.61,0,20.88
2023,272,25.12,1.31,348.3,70.45,14.07,0,20.64
2023,273,25.26,2.62,334.9,69.13,13.76,0,20.23
2023,274,24.67,3.12,339.8,69.84,13.35,0.03,19.09
2023,275,24.33,3.52,336.8,63.5,11.52,0,20.38
2023,276,23.05,4.02,324.6,63.21,11.08,0,20.81
2023,277,23.8,3.25,328.8,69.86,12.52,0,20.27
2023,278,24.22,3.29,326.3,71.81,13.32,0,20.36
2023,279,23.95,3.1,337.5,66.73,12.16,0,20.75
2023,280,24.75,2.03,9.1,70.37,13.45,0,19.89
2023,281,26.32,2.16,352,65.8,13.86,0,19.54
2023,282,26.86,1.92,359,68.76,15.07,0,18.95
2023,283,26.72,1.35,343.4,68.4,14.87,0,18.89
2023,284,24.66,3.16,324.7,64.46,11.92,0,19.59
2023,285,24.14,2.69,339.1,62.53,11.21,0,19.4
2023,286,25.01,2.49,354.9,57.17,10.93,0,18.51
2023,287,26,2.88,329.5,55.74,11.34,0,17.77
2023,288,25.24,1.22,27.1,60.83,11.97,0.01,16.05
2023,289,22.56,3.79,97,77.96,13.34,13.15,12.17
2023,290,22.4,3.17,74.6,66.09,10.91,1.19,10.02
2023,291,22.11,3.69,310.7,67.22,10.85,0,17.04
2023,292,21.57,3.36,316.5,65.16,10.15,0,18.23
2023,293,21.54,2.62,330.6,64.66,10.01,0,17.36
2023,294,21.54,2.13,346.9,59.18,9.14,0,16.61
2023,295,22.25,2.38,3,58.62,9.52,0,15.66
2023,296,22.25,2.38,326.5,64.89,10.5,0,15.83
2023,297,23.01,1.76,332.3,62.15,10.6,0,15.85
2023,298,22.8,2.25,323.6,61.31,10.05,0,15.7
2023,299,22.56,2.72,317.9,61.77,10,0,16.56
2023,300,22.39,2.65,321.1,51.97,8.3,0,16.87
2023,301,22.93,2.06,329.2,51.52,8.93,0,14.12
2023,302,23.38,2.32,325.3,53.8,9.49,0,15.44
2023,303,23.06,2.23,34.2,59.38,10.05,0,14.96
2023,304,23.22,1.64,34.2,57.62,9.94,0,13.12
2023,305,24.05,1.62,1.5,50.51,9.11,0,13.92
2023,306,22.98,1.78,338.8,53.73,9.16,0,12.87
2023,307,22.51,2.15,328.5,56.89,9.66,0,10.92
2023,308,22.43,3.42,330.7,57.76,9.55,0,10.54
2023,309,22.39,2.41,326.3,45.89,7.51,0,8.84
2023,310,22.05,1.39,20.5,45.09,7.14,0,11.21
2023,311,21.7,2.22,338.5,50.58,7.94,0,11.96
2023,312,21.88,2.94,315.3,60.52,9.63,0,11.8
2023,313,22.51,3,318.9,58.25,9.35,0,10.41
2023,314,21.6,3,24.7,63.01,10,3.09,6.3
2023,315,19.59,2.95,318.8,64.19,8.82,0.07,12.76
2023,316,19.47,3.46,304.6,64.06,8.54,0,14.38
2023,317,19.03,2.32,309.5,57.75,7.58,0,12.23
2023,318,18.58,2.01,302.5,53.13,6.94,0,8.42
2023,319,18.87,2.14,301.4,60,7.8,0,9.72
2023,320,20.55,1.3,349.1,57.31,8.3,0,9.09
2023,321,21.51,1.77,34.6,55.87,8.63,0,9.92
2023,322,20.09,2.66,181.2,55.21,7.9,0,10.67
2023,323,19.39,2.4,196.9,50.01,6.96,0,10.63
2023,324,19.13,2.85,302,54.65,7.38,0,10.15
2023,325,18.51,4.03,304.9,61.45,7.85,0,10.37
2023,326,17.45,3.68,296.4,61.77,7.36,0,11.22
2023,327,18.84,1.52,281.4,48.91,6.32,0,12.31
2023,328,18.27,1.84,323.3,46.58,6.02,0,11.03
2023,329,18.11,2.14,321.2,51.34,6.35,0,9.15
2023,330,18.78,2.4,112.2,50.81,6.75,0,8.87
2023,331,17.08,2.88,121.7,57.43,7.05,0.79,5.02
2023,332,18.27,3.07,124.2,54.15,6.88,0.61,4.87
2023,333,18.85,2.3,132.4,54.82,7.41,0.03,8.54
2023,334,20.06,2.31,144.3,56.65,8.31,0,8.05
2023,335,20.16,1.25,343,63.16,9.18,0,9.34
2023,336,18.79,1.54,315.2,64.59,8.46,0,10.29
2023,337,18.79,1.92,315.1,56.64,7.36,0.12,10.06
2023,338,19.09,1.2,357.2,57.61,7.75,0.73,8.92
2023,339,18.05,2.7,334.8,59.58,7.47,0.01,12.36
2023,340,18.2,1.68,284.9,53.47,6.63,0,12.47
2023,341,18.35,1.82,319.4,52.11,6.66,0,10.93
2023,342,16.66,3.52,311.1,51.18,5.73,0,11.29
2023,343,15.62,4.45,303.2,48.52,5.09,0,12.47
2023,344,14.81,5.27,293,49.72,4.94,0,13.15
2023,345,14.7,1.79,305.3,43.79,4.44,0,12.56
2023,346,15.15,1.29,6.6,42.07,4.4,0,11.32
2023,347,14.85,2.89,317.6,43.76,4.45,0,12.15
2023,348,13.92,4.61,299.9,50.93,4.67,0,11.04
2023,349,14.85,2.93,309.7,50.25,4.95,0,12.28
2023,350,14.66,2.68,313.8,49.87,4.9,0,12.47
2023,351,14.38,3.41,317.6,49.92,4.9,0,11.65
2023,352,13.63,5.15,307.1,57.82,5.27,0,12.75
2023,353,12.91,4.64,302.4,50.54,4.28,0,14.07
2023,354,12.28,3.47,302.9,48.6,4.07,0,11.17
2023,355,12.66,3.62,315,46.48,4.01,0,12.24
2023,356,14.78,1.38,301.6,44.65,4.44,0,11.33
2023,357,16.2,3.25,141.7,45.88,5.2,0,9.71
2023,358,16.49,1.43,351.6,51.67,5.81,0,9.14
2023,359,14.75,3.37,308.7,56.53,5.56,0,10.18
2023,360,14.78,2.46,315.6,57.73,5.84,0,9.42
2023,361,15.45,1.19,333,54.39,5.67,0,7.37
2023,362,14.69,1.23,320.1,56.32,5.6,0,6.87
2023,363,15.36,1.89,126.8,52.61,5.55,0,3.54
2023,364,15.27,1.64,126.4,54.67,5.74,0,5.09
2023,365,14.45,1.6,157.9,51.91,5.18,0,2.45
2024,1,12.57,1.96,313.9,60.98,5.27,0,7.22
2024,2,12.02,2.13,310.8,57.85,4.7,0,8.77
2024,3,13.49,1.51,26.4,47.04,4.32,0,3.99
2024,4,11.59,1.16,355.6,61.79,5.22,0,2.09
2024,5,12.22,2.21,34.6,69.31,5.98,0,2.5
2024,6,12.68,1.07,352.5,74.5,6.62,0,4.94
2024,7,11.97,1.68,184.5,72.43,6.16,0,6.79
2024,8,13.81,1.37,282.9,59.21,5.43,0,5.24
2024,9,13.3,2.44,321.1,56.03,5.15,0.07,3.44
2024,10,11.77,3.87,299.2,56.47,4.52,0,10.39
2024,11,10.41,3.29,302.8,56.47,4.18,0,11.69
2024,12,10.98,3.51,295.4,50.92,3.94,0,11.54
2024,13,12.16,2.68,305.7,45.74,3.87,0,8.72
2024,14,11.46,3.29,311.2,46.09,3.68,0,9.26
2024,15,11.26,2.16,308.9,48.26,3.76,0,11.73
2024,16,12.65,2.55,131.6,43.38,3.84,0,6.07
2024,17,12.12,3.34,139.6,44.58,3.8,0,10.06
2024,18,11.88,1.46,221.5,50.44,4.25,0,7.25
2024,19,12.52,1.36,253.6,53.49,4.61,0,3.97
2024,20,11.94,1.5,278,54.07,4.54,0,8.01
2024,21,11.02,4.72,304.4,55.06,4.15,0,8.98
2024,22,11.16,2.04,293.9,45.83,3.51,0,9.7
2024,23,12.25,3.2,304.2,46.26,3.88,0,8.03
2024,24,11.76,2.36,312.1,48.15,3.92,0,8.62
2024,25,12,1.91,301.3,51.85,4.2,0,8.56
2024,26,14.28,1.52,296.6,43.99,4.2,0,10.01
2024,27,14.32,5.46,293.9,46.81,4.41,0,14.56
2024,28,13.94,2.15,180.4,48.11,4.63,0,6.63
2024,29,14.65,2.56,142.2,47.53,4.64,0,10.96
2024,30,15.36,1.51,306,45.49,4.78,0,6.87
2024,31,15.18,2.25,55.5,53.85,5.6,3.44,5.84
2024,32,13.5,5.35,120.8,76.4,7.29,15.35,8.08
2024,33,13.57,4.87,308.8,57.92,5.12,0.03,12.6
2024,34,15.25,3.55,296.3,41.9,4.25,1.92,11.33
2024,35,15.24,2.25,216.6,78.17,8.51,2.41,6.43
2024,36,15.79,2.68,310.6,65.68,7.22,0.3,10.83
2024,37,12.48,4.22,307.4,42.75,3.56,0,16.54
2024,38,12.45,5.29,303.8,43.4,3.7,0,14.41
2024,39,12.37,6.42,292.6,41.7,3.29,0,17.18
2024,40,13.56,3.53,299.2,37.95,3.34,0,18.5
2024,41,14.94,1.29,319.3,36.23,3.61,0,17.04
2024,42,15.1,1.63,304.8,44.83,4.49,0,15.6
2024,43,16.91,1.66,314.9,40.84,4.54,0,10.92
2024,44,18.28,1.29,192.6,34.52,4.36,0,10.26
2024,45,17.17,1.86,306,40.34,4.68,0,14.17
2024,46,16.32,2.81,308.8,46.64,4.92,0,15.89
2024,47,16.23,2.82,311,40.23,4.21,0,16.99
2024,48,16.58,4.13,302,36.07,3.88,0,18.19
2024,49,18.94,2.59,147.6,32.69,4.25,0,15.66
2024,50,19.54,7.1,134.5,38,5.09,0.22,14.25
2024,51,19.75,3.54,123.3,56.25,7.94,2.02,13.78
2024,52,17.36,3.12,314.5,36.45,4.03,0,15.81
2024,53,17.04,3.62,316.8,35.24,3.93,0,18.15
2024,54,15.37,3.69,306.2,39.44,3.99,0,19.84
2024,55,16.38,3.24,322.1,33.7,3.65,0,16.62
2024,56,17.08,3.15,349.1,31.68,3.55,0,16.12
2024,57,17.67,4.27,334.3,35.02,4.12,0,12.56
2024,58,16.56,4.71,348,52.99,6.14,0.22,14.87
2024,59,17.66,4.78,300.1,47.24,5.37,0.04,20.13
2024,60,18.21,4.07,295.9,40.17,4.81,0,20.96
2024,61,21.75,2.52,96.4,40.49,6.23,1.37,15.59
2024,62,20.08,5.99,124.1,60.09,8.7,5.53,13.75
2024,63,17.72,3.79,144.7,74.87,9.3,13.37,12.65
2024,64,14.73,3.28,314.5,40,3.58,0.14,21.36
2024,65,13.99,3.83,302.8,35.21,3.27,0,20.49
2024,66,15.24,3.28,291.2,34.96,3.42,0,18.07
2024,67,17.7,3.73,307.3,37.97,4.4,0,20.76
2024,68,18.54,4.25,311.8,38.12,4.7,0,20.31
2024,69,18.27,4.58,300.3,39.51,4.77,0,22.04
2024,70,19.81,2.51,306.2,36.68,4.87,0,18.62
2024,71,22.55,2.25,309,33.26,5.3,0,20.99
2024,72,22.76,3.52,313.6,35.82,5.83,0,20.38
2024,73,22.32,3.42,306.5,36.23,5.57,0,19.56
2024,74,22.15,3.17,336.1,37.78,5.89,0,20.61
2024,75,21.58,4.34,303.4,37.64,5.47,0,22.99
2024,76,20.39,2.66,293.5,32.62,4.32,0,21.27
2024,77,21.25,2.27,297.6,31.08,4.41,0,19.9
2024,78,22.75,2.58,306.6,32.31,5.04,0,23.28
2024,79,23.19,2.62,333.4,32.46,5.29,0,22.31
2024,80,24.57,2.42,349.2,28.13,5.01,0.01,22.52
2024,81,21.08,4.39,128,34.96,5.29,0,20.81
2024,82,24.22,2.62,222,32.41,5.65,0,21.91
2024,83,26.04,6.6,311.6,30.23,5.47,0,22.99
2024,84,23.65,4.39,301.8,32.73,5.84,0,12.46
2024,85,25.17,5.5,308.6,30.52,5.56,0,23.74
2024,86,26.72,4.55,304.5,29.89,6.23,0,19.18
2024,87,29.22,5.37,306.1,28.37,6.67,0,18.12
2024,88,30.38,3.15,306.8,33.24,8.37,0,19.67
2024,89,30.88,1.67,243.4,35.14,9.1,0.12,19.47
2024,90,29.75,4.17,256.3,29.49,7.18,2.77,21.84
2024,91,28.65,4.28,303,24.86,5.63,0.01,23.5
2024,92,25.49,5.4,299,31.42,6.16,0,20.76
2024,93,26.35,5.27,303,21.38,4.11,0,23.79
2024,94,28.33,2.73,316.9,23.87,5.33,0,20.46
2024,95,29.66,4.08,327.4,19.44,4.74,0,21.98
2024,96,28.63,4.45,312,19.93,4.74,0,18.34
2024,97,27.22,4.3,306.9,21.53,4.38,0,23.53
2024,98,27.19,4.05,305,17.83,3.57,0,26.47
2024,99,28.47,4.58,316,18.45,4.01,0,25.32
2024,100,28.76,4.62,315,15.98,3.5,0,21.28
2024,101,29.97,2.92,316,16.42,3.86,0,23.23
2024,102,30.41,2.81,335.1,25.51,6,0,20.64
2024,103,31.98,2.14,236.5,19.76,5.57,0.01,21.37
2024,104,31.48,3.68,196.8,26.48,7.31,0,16.3
2024,105,29.3,2.11,15.2,35.37,8.59,0.91,12.68
2024,106,29.3,3.94,259.3,37.6,9.58,1.52,15.42
2024,107,29.95,5.19,302,34.26,8.76,0,24.06
2024,108,29.36,6.35,306.1,25.56,5.99,0,25.59
2024,109,30.64,5.76,303.4,24.01,6.44,0,25.15
2024,110,31.67,3.87,270.4,25.48,7.17,0.1,23.39
2024,111,30.51,4.74,306.2,24.11,6.43,0,24.4
2024,112,31.07,5.18,298.7,26.65,7.09,0,22.21
2024,113,31.39,4.03,315.8,24.35,6.78,0.03,24.2
2024,114,31.52,3.86,304.6,19.35,5.31,0,23.33
2024,115,30.62,4.49,291.8,23,6.01,0.82,26.15
2024,116,31.78,6.05,306.3,20.96,5.63,0,26.38
2024,117,33.59,3.44,256.7,20.22,6.2,0.06,23.9
2024,118,33.38,4.08,276.6,21.28,6.58,0.77,23.73
2024,119,31.88,4.04,308.3,25.6,7.05,0.14,22.8
2024,120,32.72,5.4,251.2,25.07,7.14,0,24.6
2024,121,30.16,4.63,292.5,23.33,5.4,0,27.27
2024,122,27.53,6.65,296.8,21.24,4.48,0,25.59
2024,123,28.69,5.56,307.8,19.51,4.45,0,27.68
2024,124,31.1,5.53,300.3,16.12,4.13,0,24.9
2024,125,33.93,4.72,298.7,16.72,5.17,0,23.59
2024,126,34.25,5,306.6,21.2,6.73,0,26.38
2024,127,34.66,4.79,299.3,21.34,7.1,0,25.55
2024,128,35.95,2.2,296.7,19.26,6.82,0,23.74
2024,129,34.42,4.39,134.1,21.02,6.73,0,24
2024,130,32.96,5.02,132.5,29.23,8.94,0,24.82
2024,131,33.91,5.1,119.3,29.13,9.34,0.24,23.29
2024,132,34.06,3.31,264.8,30.45,9.59,0.1,23.71
2024,133,34.47,3.29,300.3,26.64,8.71,0,22.62
2024,134,34.71,3.88,287.2,21.03,6.83,0.2,21.33
2024,135,33.99,5.05,313.6,16.48,5.13,0,25.32
2024,136,34.99,3.19,313.3,10.95,3.67,0,26.12
2024,137,36.06,4.01,312.7,13.07,4.93,0.01,25.51
2024,138,38.37,4.96,300.9,14.26,5.75,0,24.31
2024,139,38.3,5.72,307.2,15.83,6.52,0,25.17
2024,140,38.58,6.78,311.6,18.92,7.76,0.02,25.01
2024,141,38.57,6.18,294,17.32,6.92,0.02,24.67
2024,142,37.3,5.73,90.1,17.12,6.74,0.02,25.32
2024,143,37.05,4.62,135.5,19.11,7.28,0,24.34
2024,144,36.54,5.31,130.6,30.37,11.43,0,24.15
2024,145,36.81,4.8,136.4,29.87,11.39,0,24.11
2024,146,38.1,5.72,312.8,23.05,9,0.01,24.07
2024,147,38.72,5.73,325.9,17.33,7.17,0,27.17
2024,148,38.85,4.44,325.7,16.08,6.39,0,26.52
2024,149,40.04,4.94,311.3,10.14,4.55,0,28.27
2024,150,39.82,3.67,221.6,10.62,4.77,0,25.76
2024,151,39.37,4.62,255,11.21,4.8,0,26.98
2024,152,39.3,4.64,297.6,8.82,3.75,0.07,26.4
2024,153,38.52,5.13,290.4,14.68,6.11,0.07,19.92
2024,154,38.37,4.37,291.8,21.32,8.55,0.19,25.14
2024,155,38.57,5.84,297.8,18.55,7.67,0,24.82
2024,156,39.31,4.91,288.6,18.66,8.15,1.62,21.76
2024,157,38.75,5.86,293.8,20.07,8.46,0,23.2
2024,158,37.08,4.89,309.9,22.82,8.74,1.48,24.88
2024,159,37.26,5.87,291.4,26.76,10.48,0,23.87
2024,160,37.22,5.51,299.9,25.05,9.66,0,22.96
2024,161,36.97,5.98,300,20.78,7.53,0,26.42
2024,162,37.32,5.46,294.9,17.06,6.74,0,24.35
2024,163,37.88,4.79,296.6,14.5,5.75,0,23.03
2024,164,38.67,4.8,293.6,15.41,6.39,0,26.09
2024,165,39.46,6.04,290.1,18.29,8.07,0,24.65
2024,166,39.95,7.16,282,20.3,9.05,0.04,23.78
2024,167,40.46,7.02,288.7,20.7,9.55,0,26.82
2024,168,40.47,6.92,291.5,21.05,9.78,0,26.35
2024,169,41.21,6.91,290.4,22.42,10.99,0,24.45
2024,170,41.3,7.18,288.3,22.96,11.29,0,24.71
2024,171,40.94,6.37,275.2,23.8,11.56,0,23.68
2024,172,38.04,2.75,310.1,31.32,13.11,6.53,21.88
2024,173,36.08,3.02,267.3,32.47,12.08,1.15,18.04
2024,174,36.11,2.6,291.6,31.63,11.78,0.04,17.84
2024,175,37.75,2.43,142,33.19,13.61,0.94,18.42
2024,176,36.6,3.76,167,39.64,15.38,5.64,16.01
2024,177,36.61,2.03,175.3,43.58,16.64,0.07,18.71
2024,178,36.41,3.17,140.4,43.84,16.8,6.26,14.96
2024,179,32.07,3.71,136.2,67.69,20.79,19.52,14.37
2024,180,32.64,3.93,169.8,62.8,19.59,1.03,11.19
2024,181,33.56,4.13,220.3,60.15,19.9,6.71,12.13
2024,182,33.53,3.11,258,63.64,20.76,12.2,16.53
2024,183,33.53,3.55,236.5,61.24,20.25,3,14.92
2024,184,33.04,4.62,263.7,70.02,22.43,15.88,9.97
2024,185,29.68,3.11,43.4,83.22,22.41,19.12,7.31
2024,186,28.71,5.2,115.5,83.69,21.26,6.18,10.08
2024,187,31.27,3.91,112.8,73.29,21.01,11.35,13.03
2024,188,29.89,3.08,133.2,79.03,21.29,19.73,12.15
2024,189,29.5,2.51,95.5,79.67,20.96,22.62,15.3
2024,190,30.2,2.49,142.2,77.45,21.13,8.94,13.04
2024,191,29.89,3.55,200,79.51,21.43,3.34,13.76
2024,192,32.03,2.15,222.4,70.61,21.29,2.61,12.24
2024,193,33.17,2.01,251.2,68.64,21.93,4.03,19.31
2024,194,33.44,3.28,278.1,66.35,21.58,2.56,13.24
2024,195,31.46,2.05,231.1,70.05,20.52,5.81,18.34
2024,196,32.13,2.64,188,65.05,19.5,0.57,22.14
2024,197,32.18,3.18,124,67.67,20.48,1.61,15.91
2024,198,32.53,3.81,128.4,69.1,21.22,0.4,20.78
2024,199,32.15,3.62,133.1,69.96,21.33,3.34,20.17
2024,200,31.55,2.67,154.3,75.67,22.47,12.85,14.14
2024,201,31.59,2.89,157.9,73.08,21.53,4.54,12.69
2024,202,31.53,2.39,138.6,71.49,21,4.35,21.6
2024,203,32.57,3.82,151.3,67.18,20.79,2.88,18.02
2024,204,31.57,4.19,148.5,73.77,21.82,11.83,12.71
2024,205,31.14,4.18,155.9,78.94,22.91,18.12,16.51
2024,206,28.42,4.78,125.9,90.96,22.94,71.98,14.08
2024,207,30.53,3.29,98.8,81.69,23.08,0.13,16.62
2024,208,30.42,2.13,170.9,83.23,23.41,7.29,11.94
2024,209,30.29,3.42,133.9,83.57,23.17,28.81,18.56
2024,210,31.44,3.02,126.7,77.24,22.6,0.45,21.92
2024,211,30.53,3.49,128.4,81.04,22.68,0.93,21.21
2024,212,31.32,2.53,142.6,79.6,23.26,7.73,22.29
2024,213,30.87,3.33,216.3,84.73,24.38,17.67,14.62
2024,214,28.73,3.73,151.6,90.66,23.16,38.23,16.46
2024,215,29.02,3.33,131.8,86.32,22.33,1.62,14.42
2024,216,28.99,4.39,141.4,84.01,21.56,0.31,18.19
2024,217,29.05,4.17,101.2,82.11,21.07,0.89,18.95
2024,218,29.08,5.16,111,84.43,21.75,0.5,16.51
2024,219,28.46,3.24,149.1,85.68,21.4,6.36,17.85
2024,220,27.31,4.93,151.6,89.51,20.94,23.95,9.51
2024,221,28.19,3.49,132.1,87.68,21.52,2.92,15.24
2024,222,27.99,3.99,103.9,92.2,22.46,4.7,16.51
2024,223,28.99,2.35,166.7,87.23,22.41,1.71,13.96
2024,224,28.03,2.78,144.1,89.01,21.72,9.43,11.57
2024,225,28.18,3.4,112.9,87.63,21.46,33.21,13.87
2024,226,28.25,2.7,103.8,89,21.93,4.96,16.91
2024,227,28.31,2.06,104.8,90.41,22.39,1.17,16.22
2024,228,29.01,2.83,124.8,87.68,22.57,1.41,15.9
2024,229,28.77,4.41,129.8,87.99,22.36,1.6,17.45
2024,230,28.79,1.54,250.7,89.23,22.68,9.56,18.53
2024,231,29.2,2.74,283.2,85.58,22.16,3.08,15.9
2024,232,29.05,2.49,279.6,85.25,21.94,5.23,14.8
2024,233,28.98,2.44,196.5,84.84,21.68,9.9,14.22
2024,234,29.17,2.12,221.9,83.97,21.63,7.51,19.13
2024,235,29.81,1.74,256.7,81.71,21.87,2.87,19.43
2024,236,28.36,1.67,230.7,85.8,21.27,1.41,11.03
2024,237,29.56,0.98,135.5,80.84,21.3,0.35,17.19
2024,238,28.73,4.05,109.6,85.23,21.51,0.16,18.92
2024,239,28.26,4.5,115.5,86.14,21.13,4.81,16.68
2024,240,28.01,5.46,116.9,86.12,20.78,2.32,17.62
2024,241,27.96,3.79,129.4,87.2,21.03,7.41,16.34
2024,242,27.66,3.68,153,86.98,20.64,20.02,13.06
2024,243,27.84,1.26,237.7,82.58,19.73,3.03,21.26
2024,244,28.57,3.19,302.5,81.75,20.34,0.01,21.06
2024,245,29.31,2.57,318.2,80.91,21.03,0.39,19.84
2024,246,27.19,3.99,140.3,89.07,20.58,2.46,15.87
2024,247,28.97,2.23,118.1,79.95,20.37,7.75,17.93
2024,248,28.22,1.73,285,82.56,20.3,10.86,10.01
2024,249,28.15,1.37,278.5,83.09,20.18,6.2,17.35
2024,250,27.74,3.07,147.3,86.26,20.54,24.53,12.74
2024,251,27.33,1.85,137.6,87.74,20.45,9.27,14.52
2024,252,28.78,1.37,336.1,82.8,20.85,0.78,7.54
2024,253,28.51,1.41,306.6,84.87,21.22,6.95,16.7
2024,254,29.87,2.08,166.2,77.86,21.01,11.65,16.16
2024,255,29.02,1.19,49.7,83.98,21.55,17.8,11.51
2024,256,27.14,3.92,34.1,91.52,21.24,59.81,6.77
2024,257,26.72,4.36,295.7,89.16,20.16,31.16,6.37
2024,258,26.82,3.89,285.4,86.64,19.6,14.06,12.75
2024,259,26.74,3.24,285.8,84.64,18.99,0.8,15.96
2024,260,26.43,3.65,297.9,82.75,18.18,0.03,18.79
2024,261,27.09,1.81,291.2,81.49,18.57,1.88,16.47
2024,262,26.23,3.19,69.4,87.35,19.04,24.21,5.71
2024,263,27.22,3.28,108.4,85.44,19.75,0.43,12.93
2024,264,27.83,1.45,168.9,83.7,19.96,0.02,19.54
2024,265,28.32,2.01,158.5,82.4,20.23,0,19.65
2024,266,28.86,2.29,318.8,83.43,21.14,0,19.35
2024,267,28.81,1.96,304.2,85.51,21.7,0,19.45
2024,268,30.12,0.81,239.6,76.95,20.96,0.11,17.93
2024,269,28.42,2.69,148.4,86.63,21.58,0.77,13.92
2024,270,27.29,2.62,133.7,89.86,20.91,18.55,15.9
2024,271,26.73,4.6,99.6,87.85,19.69,3.46,15.9
2024,272,26.16,4.02,63.2,88.23,19.13,0.41,14.58
2024,273,27.71,1.56,357.4,81.74,19.24,0,14.41
2024,274,26.95,3.41,288.3,81.63,18.42,0,17.08
2024,275,26.88,3.65,294.3,81.71,18.46,0,18.53
2024,276,26.67,3.63,287.8,78.71,17.49,0,20.3
2024,277,27.05,1.97,296.9,67.88,15.34,0,20.88
2024,278,26.43,1.62,251.7,68.44,14.82,0,20.5
2024,279,26.91,2.44,292,76.17,17.07,0.01,19.55
2024,280,26.34,2.15,324.5,73.7,15.9,0.01,18.75
2024,281,25.91,2.5,317.7,73.13,15.43,0,18.87
2024,282,26.24,1.63,296.3,67.77,14.44,0,18.06
2024,283,25.18,2.76,306.7,71.21,14.47,0,17.76
2024,284,24.2,3.7,305.3,74.23,13.92,0,18.62
2024,285,23.41,3.11,298.2,69.69,12.52,0,19.4
2024,286,24.24,2.52,288.5,61.81,11.5,0,18.58
2024,287,24.62,1.7,260,54.46,10.51,0,16.58
2024,288,23.8,2.76,298.8,68.09,12.31,0,16.87
2024,289,23.95,2.37,285.2,60.02,11.12,0.12,17.96
2024,290,24,1.43,261,63.4,11.73,0,15.75
2024,291,24.28,1.65,119.6,65.15,12.33,0,16.63
2024,292,25.07,1.54,54.3,60.35,12.01,0,17.86
2024,293,24.67,2.08,2,63.75,12.48,0,17.84
2024,294,23.83,2.09,96.1,73.08,13.51,0,16.49
2024,295,23.67,1.95,114.9,77.72,14.19,0,15.15
2024,296,24.53,1.63,52.2,75.62,14.46,0,14.7
2024,297,23.83,2.94,315.1,71.84,13.26,0,14.35
2024,298,23.52,2.84,326.6,71.34,12.75,0,16.11
2024,299,23.77,3.9,308.5,68.71,12.64,0,16.54
2024,300,23.89,3.1,339.2,65.31,12.3,0,17.02
2024,301,23.61,2.24,146.6,74.86,13.71,0,17.22
2024,302,23.84,2.92,161,82.7,15.37,0,16.34
2024,303,24.82,2.06,158.6,77.64,15.14,0,16.16
2024,304,25.75,2.08,358.8,71.95,14.69,0,16.44
2024,305,24.26,4.03,305.8,66.39,12.58,0,16.23
2024,306,23.36,3.63,295.8,52.55,9.09,0,15.6
2024,307,22.98,1.39,349.8,53.16,9.29,0,14.54
2024,308,23.04,1.87,97.4,55.37,9.55,0,13.89
2024,309,22.73,1.29,221.4,59.4,10.19,0,12.42
2024,310,22.33,2.67,147.2,71.36,11.71,0,12.1
2024,311,22.57,1.59,177.2,69,11.62,0,11.43
2024,312,22.55,1.67,162.9,72.66,12.22,0,10.6
2024,313,22.72,2.27,157.5,74.94,12.79,0,11.05
2024,314,22.7,2.68,157.1,77.26,13.2,0,12.12
2024,315,22.97,2.45,149.8,72.37,12.45,0,11.01
2024,316,23.59,1.66,137.1,67.1,12.13,0,10.94
2024,317,22.74,2.61,284.9,63.43,10.64,0,12.82
2024,318,21.48,2.85,316.3,60.11,9.46,0,8.93
2024,319,21.42,2.61,309,53.32,8.27,0,11.02
2024,320,20.98,4,300.1,52.43,8.04,0,12.44
2024,321,20.09,3.57,307.8,59.53,8.66,0,11.43
2024,322,19.91,2.92,313,57.94,8.25,0,11.05
2024,323,18.61,2.35,306,55.14,7.18,0,8.18
2024,324,18.19,2.87,305.5,51.84,6.56,0,9.48
2024,325,18.12,2.56,302.2,48.69,6.09,0,11.3
2024,326,18.4,2.13,299.6,44.38,5.75,0,12.03
2024,327,18.28,2.37,301.6,44.86,5.81,0,10.72
2024,328,18.55,2.01,250.9,48.4,6.37,0,10.48
2024,329,19.04,3.5,298,50.03,6.74,0,12.84
2024,330,17.27,4.08,304.8,57.95,6.95,0,11.25
2024,331,16.75,3.8,302.8,52.64,6.06,0,12.55
2024,332,16.88,2.87,302.8,52.25,6.2,0,12.29
2024,333,17.54,2.76,314.1,48.31,5.9,0,12.55
2024,334,17.62,2.01,315.5,48,5.95,0,12.14
2024,335,17.04,3.09,315.1,50.13,5.91,0,11.98
2024,336,16.8,1.76,327.5,50.61,5.82,0,12.51
2024,337,18.05,2.77,320.6,51.53,6.59,0,13.16
2024,338,18.61,3.17,322.7,53.51,6.96,0,13.19
2024,339,17.96,5.34,306,52.86,6.64,0,13.97
2024,340,15.41,4.31,299.7,48.13,5.02,0,14.66
2024,341,15.58,4.04,294.9,46.15,4.95,0,13.88
2024,342,15.75,1.61,291.1,39.09,4.22,0,13.79
2024,343,14.51,3.61,141.5,45.43,4.59,0.08,11.13
2024,344,13.68,2.97,22.1,59.76,5.73,0.39,11.94
2024,345,12.32,4.82,309.2,49.16,4.05,0,12.9
2024,346,11.75,3.94,303.2,38.23,3.05,0,14.01
2024,347,11.21,4.25,305.3,39.28,3.07,0,13.64
2024,348,12.28,6.16,303.9,40.49,3.42,0,13.64
2024,349,11.44,4.28,298.5,40.99,3.3,0,14.39
2024,350,11.94,2.14,305.9,39.59,3.34,0,13.37
2024,351,13.48,2.5,308.2,35.7,3.29,0,12.3
2024,352,14.23,1.48,323.4,34.2,3.41,0,11.71
2024,353,13.12,1.94,307,38.36,3.52,0,10.28
2024,354,14.15,2.38,149.2,39.03,3.94,0,10.19
2024,355,14.1,1.79,349.8,49.99,4.88,0,9.9
2024,356,13.71,3.06,325,52.93,5.04,0,10.26
2024,357,15.87,1.2,201.3,44.48,4.95,0,10.08
2024,358,12.4,3.29,29.7,65.37,5.84,0.09,4.61
2024,359,15.41,2.05,73.5,65.16,6.99,0.39,4.97
2024,360,14.76,2.2,331.5,64.07,6.46,0,7.08
2024,361,15.86,1.98,332.2,54.14,5.8,0.02,8.3
2024,362,16.42,3.32,35.9,70.19,8.17,14.57,1.38
2024,363,14.49,2.83,43.5,90.31,9.38,8.31,1.7
2024,364,14.27,3.85,310.6,74.19,7.38,0.14,6.82
2024,365,11.97,4.4,299.1,57.61,4.8,0,5.19
2024,366,11.34,1.82,295,51.12,4.06,0,6.21
2025,1,11.81,4.51,296.5,47.82,3.91,0,7.77
2025,2,12.94,4.48,290.7,50.64,4.63,0,8.63
2025,3,14.25,2.24,289.5,59.11,5.93,0,8.55
2025,4,15.37,1.9,245.9,57.35,6,0,7.84
2025,5,14.39,2.7,149.2,56.12,5.52,0,9.21
2025,6,13.94,2.1,270.4,60.64,5.91,0.24,7.03
2025,7,12.56,4.74,291.3,60.93,5.32,0.07,4.7
2025,8,11.22,4.95,286.3,46.14,3.61,0,13.62
2025,9,12.68,2.01,306.9,40.52,3.5,0,12.28
2025,10,13.38,1.75,213.6,35.3,3.26,0,8.33
2025,11,11.68,3.38,133.2,51.08,4.27,2.79,7.14
2025,12,12.35,2.94,89.1,75.45,6.63,0.37,5.28
2025,13,13.14,4.02,308.6,68.16,6.19,0,10.44
2025,14,12.61,2.98,299.6,49.47,4.22,0,11.68
2025,15,13.37,3,175.1,47.6,4.44,0.05,4.04
2025,16,12.63,2.16,79.1,79.28,7.22,2.83,8.12
2025,17,12.44,4.13,304,65.26,5.61,0,10.69
2025,18,12.67,2.57,290.2,49.17,4.33,0,10.61
2025,19,15.37,2.61,310.4,47.43,5.08,0,11.79
2025,20,15.62,4.41,301.3,47.03,5.05,0,12.58
2025,21,15.45,3.91,302.8,47.72,4.99,0,13.9
2025,22,15.73,2.93,298.6,51.88,5.5,0.02,12.56
2025,23,16.52,3.61,319.4,46.72,5.24,0.1,11.83
2025,24,14.12,4.71,299.7,45.95,4.34,0,16.19
2025,25,13.35,4.52,288,38.09,3.34,0,14.82
2025,26,12.28,3.25,288.2,35.63,2.92,0,17.07
2025,27,12.03,4,294,36.33,2.9,0,16.5
2025,28,13.71,2.72,293,34.11,3.06,0,16.78
2025,29,14.41,2.62,136.8,37.28,3.62,0,15.63
2025,30,16.17,2.07,166.3,37.01,4.1,0,15.23
2025,31,16.96,1.86,153.6,38.91,4.48,0,14.85
2025,32,17.62,1.9,103.8,40.05,4.85,0,13.5
2025,33,17.01,2.32,316.7,47.16,5.45,0,12.46
2025,34,16.8,3.5,306.3,42.68,4.78,0,14.56
2025,35,17.73,2.54,11.4,46.62,5.78,0.11,7.87
2025,36,14.8,4.64,300.2,47.05,4.51,0,16.81
2025,37,14.42,4.95,309.7,38.59,3.63,0,16.93
2025,38,14.14,5.54,294.4,39.41,3.61,0,17.49
2025,39,15.1,4.74,304.5,35.53,3.43,0,17.38
2025,40,16.86,2.71,305.5,34.22,3.78,0,17.37
2025,41,18.28,2.84,303,33.37,4.09,0,15.7
2025,42,19.06,3,305.3,35.34,4.56,0,17.19
2025,43,18.02,5.27,313.9,38.82,4.7,0,17.98
2025,44,16.44,6.58,302.9,31.95,3.29,0,18.83
2025,45,16.91,6.53,303.4,30.68,3.27,0,18.66
2025,46,17.06,5.37,355.6,40.56,4.75,0.02,15.44
2025,47,18.27,2.07,328.1,45.23,5.49,0,16.78
2025,48,20.16,2.54,317.9,36.77,5.07,0,16.04
2025,49,19.7,3.9,304.5,36.15,4.83,0,15.4
2025,50,20.09,3.1,280.4,34.65,4.76,0.11,15.45
2025,51,20.31,4.9,128.7,49.62,7.3,1.41,15.29
2025,52,19.32,2.4,331.2,55.52,7.25,0.15,16.72
2025,53,17.69,4.3,296.3,49.69,6.02,0,17.57
2025,54,18.22,2.72,300.3,45.34,5.47,0,19.59
2025,55,18.55,3.12,296.7,44.41,5.57,0,19.48
2025,56,20.09,2.44,294.9,40.71,5.73,0,17.59
2025,57,20.43,1.88,93.2,41,5.95,0.21,17.16
2025,58,19.86,3.12,81.5,65.42,9.39,0.98,7.52
2025,59,17.8,4.4,115.8,80.3,10.33,9.23,9.9
2025,60,19.85,3.52,98.2,65.06,9.08,0.73,14.89
2025,61,19.92,4.6,312,44.99,6.13,0,19.81
2025,62,20.08,2.67,319.4,35.9,4.99,0.04,20.04
2025,63,20.1,4.32,288,40.92,5.71,0,20.58
2025,64,17.15,7.62,295.5,33.97,3.78,0.04,21.07
2025,65,17.38,5.73,295,31.43,3.38,0,22.44
2025,66,19.14,3.86,302.5,33.12,4.09,0,21.89
2025,67,20.64,4.04,302.4,33.51,4.61,0,22.66
2025,68,22.69,2.85,135.8,30.16,4.84,0,21.98
2025,69,23.51,3.98,134.8,30.46,5.11,0,19.74
2025,70,24.96,3.25,295.3,31.93,5.99,0,17.47
2025,71,24.86,3.96,298.8,40.95,7.58,0,19.69
2025,72,26.07,2.92,300,43.62,8.62,0.23,16.93
2025,73,26.6,2.39,216.8,37.9,7.62,0.74,19.95
2025,74,25.21,3.44,105.9,38.36,7.3,0.37,18.07
2025,75,23.5,3.92,300.7,41.23,6.91,0.47,21.25
2025,76,22.41,3.96,304,41.09,6.61,0,21.89
2025,77,22.53,3.67,305.7,35.74,5.64,0,22.73
2025,78,24.08,3.86,313.9,32.3,5.43,0,23.6
2025,79,24.62,4.02,329.1,28.81,4.89,0,22.09
2025,80,24.3,5.02,319.5,29.34,4.96,0,22.65
2025,81,24.18,3.17,331.6,25.13,4.34,0,21.06
2025,82,24.83,2.06,136.3,21.91,3.82,0.03,23.86
2025,83,25.8,2.37,194.1,21.37,4.08,0,24.37
2025,84,26.8,3.03,343.7,24.2,4.76,0,23.93
2025,85,29.63,1.87,308.8,22.43,5.25,0,23.25
2025,86,29.21,4.06,262.4,21.99,5.18,0,20.79
2025,87,25.69,4.44,300.9,13.44,2.55,0,25.62
2025,88,22.06,4.6,301.4,13.63,2.02,0,21.86
2025,89,23.96,4.64,295.5,12.99,2.2,0,25.67
2025,90,25.23,4.1,304.1,15.67,2.76,0,26.21
2025,91,25.81,4.06,308.6,18.68,3.39,0,25.69
2025,92,27.68,2.71,335.3,15.72,3.16,0,25.38
2025,93,28.58,1.87,339.1,14.96,3.17,0,23.43
2025,94,29.19,4.3,322.3,16.1,3.65,0,23.84
2025,95,28.08,3.83,301.4,19.75,4.19,0,25.71
2025,96,29.94,2.91,321,17.46,4.32,0,25.04
2025,97,31.35,3.96,115.5,17.97,4.82,0,24.5
2025,98,30.98,5.42,120.4,17.89,4.75,0,23.75
2025,99,32.16,4.51,134.8,22.25,6.26,0,23.06
2025,100,32.09,3.3,140.2,27.77,8.08,0.83,19.58
2025,101,30.64,5.46,128.4,34.96,8.92,1.9,21.3
2025,102,27.73,3.84,101.2,45.2,9.81,3.93,23.53
2025,103,30.12,2.02,59.2,32.3,8.03,0,23.66
2025,104,30.11,3.73,146,28.29,7.21,0,24.88
2025,105,30.74,4.61,145.6,29.79,7.99,0,23.37
2025,106,31.72,4.12,151.5,28.23,8.09,0,22.18
2025,107,32.74,3.43,157,26.63,7.85,0.63,23.29
2025,108,32.79,4.02,125.6,27.63,8.16,0,23.7
2025,109,32.92,5.74,133.9,30.93,8.93,0.76,22.85
2025,110,32.74,6.43,131.9,28.96,8.22,0,22.79
2025,111,32.94,4.46,179.2,20.75,5.87,0,23.28
2025,112,31.36,4.31,287.1,9.67,2.37,0,27.37
2025,113,32.08,4.53,306.3,13.87,3.9,0,27.16
2025,114,32.83,3.29,293.5,9.21,2.53,0,27.83
2025,115,33.24,4.04,322.8,8.88,2.6,0,26.57
2025,116,33.9,2.55,250.2,9.57,2.84,0,21.83
2025,117,33.05,2.48,148.6,12.23,3.57,0,23.26
2025,118,32.56,5.38,144.8,15.76,4.58,0,23.28
2025,119,30.57,5.96,121.7,24.31,6.34,0,24
2025,120,31.36,5.87,129.9,31.1,8.83,0,23.26
2025,121,31.9,5.35,125.8,34.35,9.75,0.06,21.79
2025,122,28.44,4.66,128.7,52.94,12.97,17.33,12.59
2025,123,30.07,3.75,157,46.44,11.75,1.36,19.46
2025,124,29.49,5.24,108.8,47.87,11.77,1.39,18.41
2025,125,29.03,5.82,121.7,50.94,11.98,10.42,15.43
2025,126,29.48,4.25,132.6,39.93,10.05,0.55,22.6
2025,127,30.77,4.58,127.2,40.57,10.96,0.16,18.42
2025,128,31.16,4.65,140.3,41.8,11.48,0.4,20.03
2025,129,31.54,4.09,138.1,40.68,11.39,0.28,21.14
2025,130,31.64,2.92,137.2,45.94,13.12,3.08,16.31
2025,131,33.01,2.69,341.3,42.73,12.88,0.01,23.63
2025,132,33.78,4.43,285.2,32.17,9.99,0,25.1
2025,133,34.01,4.35,282.5,36.51,11.59,0.36,22.59
2025,134,34.09,3.68,278.6,36.39,11.26,1.01,25.64
2025,135,34.94,3.43,284.4,26.87,8.62,0,25.47
2025,136,36.47,5.94,254.1,26.16,9.31,0.32,25.23
2025,137,35.71,4.98,269.6,27.38,9.77,0.28,22.7
2025,138,35.12,4.12,98.3,26.79,9.01,0.01,25.94
2025,139,35.03,4.4,124.8,24.45,8.4,0.05,23.46
2025,140,35.62,4.54,135.5,27.09,9.48,0.02,24.35
2025,141,36.26,5.15,125.5,24.99,9.21,0.01,24.97
2025,142,30.41,5.28,130.5,49.36,12.95,23.41,24.43
2025,143,32.15,5.44,126.3,40.4,11.7,0,24.62
2025,144,32.12,5.99,118.4,43.48,13.07,7.97,22.5
2025,145,29.77,4.87,123.9,57.11,15.13,16.68,14.41
2025,146,31.78,4.27,126.4,48.44,13.99,0.4,20.17
2025,147,32.74,4.06,136.6,42.53,12.84,0,23.81
2025,148,33.56,3.28,138.7,46.79,15.4,1.75,21.37
2025,149,34.27,2.53,177.5,44.59,14.77,0.13,16.62
2025,150,34.04,2.73,218.9,40.42,13.03,0.14,14.13
2025,151,33.7,2.57,154.3,33.22,10.2,0.3,21.06
2025,152,32.84,5.54,244.2,37.89,11.58,1.07,17.76
2025,153,31.73,3.02,172,44.56,12.39,0.7,22.18
2025,154,30.49,4.15,244.2,37.33,9.95,0.07,15.46
2025,155,30.55,2.36,166.6,40.36,10.87,0.43,18.96
2025,156,32.26,2.4,238.7,39.14,11.51,0,24.98
2025,157,33.4,1.74,212.5,34.95,10.8,0.02,24.27
2025,158,34.52,2.87,174.5,32.77,10.84,0,24.07
2025,159,36.45,3.85,252,31.76,11.7,0,23.16
2025,160,37.37,3.9,286.3,27.59,10.49,0,25.24
2025,161,37.38,3.43,319.2,24.12,9.24,0,25.97
2025,162,37.46,1.49,32.9,26.1,10.19,0,25.04
2025,163,36.93,3.94,129.2,31.21,11.71,0.37,21.64
2025,164,35.85,4.35,115.9,41.65,15.26,7.34,19.39
2025,165,35.29,2.97,142.1,41.35,14.46,4.27,21.66
2025,166,35.05,3.59,127.4,40.74,14.34,0.06,16.81
2025,167,33,3.73,137.3,55.3,17.33,8.7,13.49
2025,168,31.78,2.33,75.5,61.24,18.06,3,13.67
2025,169,29.97,2.49,139.7,73.2,19.73,22.9,16.39
2025,170,32.49,3.39,134.4,58.93,17.97,0.12,20.01
2025,171,33.15,3.29,132.9,57.04,18.24,0.17,12.78
2025,172,34.44,3.5,161.7,49.83,16.7,0.21,19.69
2025,173,35.11,2.59,208.7,48.33,17.09,0.9,13.72
2025,174,34.25,3.77,156.4,52.28,17.65,3.51,17.54
2025,175,33.23,3.12,125.7,54.18,17.5,3.15,13.19
2025,176,33.08,4.17,127.5,55.12,17.71,3.36,9.39
2025,177,33.64,4.45,117.8,55.11,18.01,0.61,21.42
2025,178,34.6,4.56,125.4,50.1,17.24,0.76,24.19
2025,179,33.9,3.2,155.9,51.13,17.01,5.75,14.69
2025,180,32.36,2.91,177.5,62.93,19.23,11.02,8.43
2025,181,27.7,4.38,109.9,85.41,20.49,59.62,7.14
2025,182,29.22,2.58,75.7,72.18,18.5,1.56,15.14
2025,183,31.5,3.58,113.8,66.48,19.34,1.48,21.79
2025,184,31.34,4.02,121.8,67.88,19.72,0.21,20.47
2025,185,31.76,3.34,157.6,68.17,20.25,2.41,18.66
2025,186,32.66,3.11,187.8,64.6,19.96,0.14,16.6
2025,187,31.1,2.45,172.9,72.35,21.03,14.69,12.12
2025,188,30.53,2,183,75.82,21.21,4.81,14.04
2025,189,31.51,2.43,274.6,73.81,21.71,11.54,19.65
2025,190,30.36,2.46,246,75.45,20.74,8.26,16.22
2025,191,27.59,5.83,156.6,87.41,20.76,23.01,11.17
2025,192,29.82,2.49,158.2,74.55,19.74,2.73,16.28
2025,193,30.83,2.15,176,71.07,19.89,3.71,17.91
2025,194,29.07,2.1,92,79.09,20.36,11.59,17.79
2025,195,28.49,5.81,108.4,83.4,20.84,7.95,16.11
2025,196,28.93,7.88,122.1,80.37,20.39,2.49,17.91
2025,197,28.33,4.53,136.9,79.97,19.64,14.04,18.05
2025,198,27.99,3.67,105.5,82.95,19.98,4.35,15.79
2025,199,28.69,6.33,90.3,78.74,19.72,2.12,16.2
2025,200,29.22,5.05,130.3,77.81,20.12,0.16,21.6
2025,201,30.71,2.68,205.9,72.83,20.27,0.16,20.61
2025,202,29.26,2.9,140.5,76.06,19.74,3.36,10.23
2025,203,29.13,2.36,205.6,81.68,21.23,2.68,13.8
2025,204,29.49,2.19,251.9,85.56,22.77,31.9,7.27
2025,205,30.07,3.23,286,81.19,22.3,3.81,20.99
2025,206,31.09,2.99,309.8,78.39,22.81,5.23,21.53
2025,207,31.37,1.51,159.9,77.13,22.6,0.94,21.12
2025,208,30.75,3.67,126.5,75.71,21.42,0.08,18.54
2025,209,28.25,2.25,167.4,84.08,20.87,1.86,15.64
2025,210,28.07,3.2,90.9,87.08,21.37,10.28,8.17
2025,211,28.62,4.45,113.7,87.71,22.15,18.75,12.5
2025,212,28.68,2.91,135.5,87.87,22.23,30.4,8.68
2025,213,29.36,2,212.1,84.4,22.1,1.44,13.46
2025,214,28.98,3.42,259,84.99,21.76,6.44,16.95
2025,215,28.72,3.33,266.4,86.23,21.82,40.08,15.68
2025,216,29.07,3.76,257.7,85.84,22.15,59.43,9.07
2025,217,27.79,2.91,226.4,91,21.9,46.27,8.92
2025,218,28.26,2.6,239.4,84.19,20.69,10.25,18.08
2025,219,28.87,3.29,283.1,80.04,20.28,0.91,23.1
2025,220,29.54,3.12,280.8,78.61,20.71,10.29,18.88
2025,221,28.3,1.93,320.1,83.72,20.58,6.61,4.16
2025,222,28.93,2,298.4,82.51,21.04,6.31,15.42
2025,223,29.28,3.15,269.9,84.66,22.11,18.35,13.41
2025,224,28.86,3.77,283.5,85.44,21.75,1.8,14.88
2025,225,29.26,1.78,246.8,82.69,21.54,1.12,16.54
2025,226,27.35,2.92,150.1,90.45,21.14,22.1,6.66
2025,227,27.81,1.93,181.7,83.91,20.01,1.04,10.86
2025,228,27.71,2.63,125.1,86.52,20.65,6.32,15.36
2025,229,29.09,2.19,121.1,83.8,21.59,7.43,14.29
2025,230,27.92,3.69,111.9,89.87,21.73,7.73,18.37
2025,231,28.63,1.92,119.9,85.15,21.33,5.59,18.81
2025,232,28.27,3.67,110.9,86.19,21.19,1.14,21.93
2025,233,28.98,3.31,117.5,84.83,21.72,2.15,19.35
2025,234,29.13,1.75,172.3,83.75,21.68,0.22,15.57
2025,235,28.29,2.88,143,87.55,21.68,5.29,16.03
2025,236,28.19,4.41,113.8,87.64,21.49,1.52,17.3
2025,237,27.27,5.55,107.4,93.43,21.88,11.77,8.64
2025,238,27.99,4.57,132.8,89.92,21.81,1.82,13.21
2025,239,28.62,2.2,150.4,86.03,21.56,4.04,13.72
2025,240,28.73,1.98,165.7,84.44,21.3,2.01,15.31
2025,241,27.32,3.71,132.7,90.15,21.01,32.32,8.05
2025,242,27.4,2.93,101.3,90.89,21.29,31.88,17.23
2025,243,27.22,3.05,127.6,92.73,21.57,36.58,6.58
2025,244,26.48,3.9,115.7,91.99,20.51,12.31,8.15
2025,245,26.41,4.91,120.1,92.15,20.46,40.98,7.81
2025,246,26.59,2.8,106.7,91.46,20.45,10.82,10.08
2025,247,28.13,2.06,42.6,81.64,19.77,29.45,18.26
2025,248,26.88,4.81,95.5,88.91,20.18,5.5,14.82
2025,249,27.67,3.4,119.3,88.18,20.93,0.49,16.93
2025,250,27.39,3.11,140,88.94,20.79,1.87,14.89
2025,251,27.43,2.18,188.5,86.19,20.1,1.17,19.15
2025,252,27.73,2.82,285,86.16,20.45,6.11,20.72
2025,253,27.19,5.25,285.3,86.75,19.99,0.01,20.59
2025,254,26.49,4.27,279.3,85.41,18.83,0,20.61
2025,255,27.37,3.38,281.7,83.59,19.38,0.17,19.83
2025,256,28.29,2.16,314.6,76.4,18.74,11.78,18.45
2025,257,28.24,2.92,277.5,79.6,19.44,0.28,15.33
2025,258,27.78,3.53,274.4,82.57,19.66,0.17,20.57
2025,259,28.07,1.58,231.3,79.13,19.04,7.27,19.35
2025,260,28.16,1.92,358.6,81.03,19.58,21.06,14.61
2025,261,27.71,2.19,166.6,83.82,19.85,4.88,15.97
2025,262,27.7,2.7,263.3,84.98,20.11,3.36,16.34
2025,263,26.91,3.92,292.3,83.23,18.77,0.01,19.66
2025,264,26.25,3.9,288.2,82.85,17.99,0,21.44
2025,265,25.55,3.87,290.6,81.39,16.89,0,21.46
2025,266,25.43,4.18,300.9,80.42,16.59,0,21.44
2025,267,25.47,3.88,298,78.96,16.31,0,21.52
2025,268,25.57,3.38,307.5,79.94,16.6,0,21.12
2025,269,25.98,3.93,312.1,82.03,17.51,0,21.2
2025,270,28.66,1.59,134.6,77.89,19.33,0,19.01
2025,271,28.36,3.09,127.6,82.13,20.08,0,19.46
2025,272,27.8,2.65,155.2,83.2,19.77,0.51,18.27
2025,273,27,1.63,188.5,86.56,19.7,11.44,5.46
2025,274,26.62,1.61,243.3,82.61,18.26,0,17.04
2025,275,26.34,2.22,154.4,81.6,17.74,3.36,15.06
2025,276,26.36,2,120.3,82.94,18.07,0.01,17.19
2025,277,26.54,3.12,288.1,79.72,17.6,0,18.03
2025,278,26.4,2.39,285.5,71.49,15.4,0.5,18.75
2025,279,24.33,2.7,160.4,83.12,16.11,14.66,6.45
2025,280,23.11,3.96,126.9,89.6,16.17,10.54,14.54
2025,281,21.87,1.97,277.4,83.76,13.77,3.27,12.63
2025,282,21.97,2.52,309.9,82.48,13.64,0,17.3
2025,283,21.98,1.94,277,73.43,12.08,0,18.77
2025,284,22.8,1.08,273.2,68.49,12,0,17.89
2025,285,22.97,2.47,313.9,76.49,13.38,0,18.54
2025,286,23.45,2.16,301.9,63.97,11.52,0,18.36
2025,287,23.46,1.49,279.8,56.78,10.06,0,18.38
2025,288,23.57,1.23,264,52.96,9.56,0,17.63
2025,289,22.96,1.34,268.4,57.83,10.02,0,17.9
2025,290,23.82,1.08,279.3,67.61,12.79,0,17.46
2025,291,24.03,1.29,210.4,69.31,12.98,0,16.41
2025,292,23.96,1.07,198.7,65.6,12.1,0,15.38
2025,293,23.91,1.54,196.4,65.03,12.16,0,13.95
2025,294,24.17,1.19,163.8,70.49,13.28,0,12.77
2025,295,23.84,2.08,274.1,71.12,13.07,0,13.86
2025,296,23.51,2.22,308.8,59.96,10.58,0,15.22
2025,297,23.11,1.24,236.9,54.58,9.54,0,15.53
2025,298,22.44,1.31,141.7,53.67,9.04,0,14.88
2025,299,22.66,1.3,135.9,51.51,8.83,0,14.5
2025,300,22.5,2.09,167.4,59.05,10.09,0.02,7.03
2025,301,21.59,1.45,212.8,76.97,12.25,0.01,7.27
2025,302,22.44,1.87,322.3,73.43,12.41,0,12.3
2025,303,23.07,1.87,155.7,79.11,14.19,0.76,6.18
2025,304,23.35,2.89,275.5,78.52,14.05,0.01,11.66
2025,305,22.38,3,296.7,72.61,12.28,0,12.4
2025,306,20.64,4.11,300.3,70.21,10.53,0,12.69
2025,307,20.32,3.92,298.3,64.21,9.47,0,14.86
2025,308,19.89,2.47,157.4,62.38,8.94,0,13.23
2025,309,20.62,2.58,313.6,60.52,9.21,0,14.96
2025,310,17.8,3.39,303.7,69.34,8.63,0,16.02
2025,311,16.56,3.44,303.6,62.27,7.05,0,15.97
2025,312,15.72,3.01,301.7,59.37,6.45,0,14.99
2025,313,16.04,3.37,305.8,61.13,6.81,0,13.77
2025,314,17.48,2.88,306.6,54.34,6.52,0,13.23
2025,315,16.75,3.19,308.2,56.26,6.59,0,12.91
2025,316,16.05,4.51,307.6,62.86,6.91,0,13.16
2025,317,16,3.23,303.8,61.17,6.74,0,12.74
2025,318,15.87,2.91,306.7,58.67,6.37,0,12.77
2025,319,16.2,3.94,311.5,55.78,6.24,0,12.64
2025,320,15.54,4.38,311.1,57.2,6.14,0,14.16
2025,321,16.01,2.83,310.4,56.53,6.21,0,13.36
2025,322,17.93,2.53,305.8,49.87,6.29,0,12.57
2025,323,18.65,2.13,168.7,50.6,6.85,0,11.98
2025,324,17.36,1.48,211.7,63.56,7.65,0,11.52
2025,325,17.6,1.84,195.4,64.25,7.91,0,10.54
2025,326,17.79,2.04,272.2,58.65,7.2,0,12.01
2025,327,17.92,1.67,290.7,51.95,6.64,0,12.73
2025,328,16.01,2.48,308.4,55.18,6.13,0,11.84
2025,329,14.79,2.82,309.4,57.35,5.82,0,12.42
2025,330,16.35,1.35,294.8,51.58,5.76,0,12.81
2025,331,17.46,1.18,86.3,45.29,5.6,0,12
2025,332,16.38,2.55,326.5,63.68,7.17,0,10.83
2025,333,16.05,4.07,322.1,57.39,6.43,0,11.9
2025,334,13.7,4.48,303.1,51.24,4.81,0,10.91
2025,335,14.69,2.27,327,46.41,4.68,0,12.22
2025,336,15.74,1.83,4.5,51.82,5.68,0,10.62
2025,337,13.63,3.13,317.5,52.36,4.88,0,13.23
2025,338,12.74,4.01,306.2,55.16,4.85,0,12.89
2025,339,13.37,2.16,309.7,51.98,4.89,0,12.69
2025,340,14.05,4.91,299.4,56.69,5.38,0,13.04
2025,341,14.03,3.49,303.1,52.71,5.08,0,13.07
2025,342,15.72,4.77,306.7,51.28,5.45,0,13.51
2025,343,13.88,4.86,304.6,53.41,5.01,0,14.14
2025,344,14.31,3.61,303.8,51.28,5.03,0,13.71
2025,345,15.56,4.07,302,47,5.05,0,13.31
2025,346,15.45,2.38,324.4,50.95,5.56,0,11.96
2025,347,15.74,1.36,85.3,56.86,6.24,0,9.58
2025,348,16.56,2.08,159.1,54.29,6.2,0,8.83
2025,349,15.88,3.47,303,55.15,6.01,0,9.78
2025,350,13.97,4.28,297.9,58.17,5.49,0,13.04
2025,351,14.52,3.82,302.9,56.78,5.72,0,12.07
2025,352,14.08,2.63,336.9,68.62,6.8,0,7.76
2025,353,14.79,3.83,310.4,63.13,6.34,0,9.01
2025,354,13.26,1.45,137.1,57.77,5.3,0,6
2025,355,12.92,2.58,128,61.35,5.57,0,6.83
2025,356,15.38,1.91,126.2,59.09,6.29,0,7.41
2025,357,15.85,4.19,307.8,63.4,6.86,0,11.76
2025,358,13.44,4.68,296.8,61.29,5.64,0,13.8
2025,359,13.9,2.03,298.6,55.6,5.26,0,12.72
2025,360,14.05,1.87,353.9,52.02,5.15,0,10.42
2025,361,13.34,2.57,300,51.53,4.7,0,8.58
2025,362,12.9,2.13,320.7,52.91,4.78,0,7.49
2025,363,13.29,3.26,298.6,49.22,4.4,0,5.35
2025,364,13.46,3.28,298.9,46.96,4.43,0,8.99
2025,365,12.94,2.74,136.5,54.28,4.9,0,5.43
2026,1,12.27,2.59,143.4,71.15,6.41,0,4.06
2026,2,12.6,2.87,308.2,75.96,6.78,0,5.32
2026,3,11.16,1.97,294.6,74.29,6.08,0,6.07
2026,4,11.83,1.81,302.5,68.98,5.81,0,7.76
2026,5,11.05,1.96,311.3,74.88,6.05,0,10.38
2026,6,13.2,2.63,315.7,63.69,5.68,0,6.91
2026,7,11.1,2.08,319.5,58.32,4.62,0,7.2
2026,8,9.9,1.94,307.1,54.27,3.78,0,10.12
2026,9,11.4,1.37,40.7,45.58,3.62,0,8.87
2026,10,11.75,2.87,313.1,51.61,4.26,0,11.81
2026,11,11.07,3.19,303.4,52.06,4.02,0,13.47
2026,12,11.31,2.9,305.7,46.93,3.67,0,13.51
2026,13,10.79,3.32,305,47.38,3.62,0,12.26
2026,14,10.27,3.41,296.9,50.7,3.69,0,12.22
2026,15,10.24,3.85,305.8,50.15,3.71,0,11.99
2026,16,12.26,2.79,293.2,44.78,3.82,0,11.06
2026,17,14.22,1.8,10.6,42.62,4.19,0,11.41
2026,18,14.64,1.97,132.1,47.15,4.74,0,10.62
2026,19,16.91,1.22,93.5,43.48,4.92,0,11.37
2026,20,16.36,1.81,323,44.16,4.91,0,12.16
2026,21,15.19,2.43,318.1,45.38,4.67,0,13.18
2026,22,15.77,3.06,144.6,42.25,4.58,0,13.21
2026,23,12.35,5.19,134.4,75.89,6.85,14.69,3.27
2026,24,10.71,2.92,328.9,67.4,5.33,0.05,12.72
2026,25,11.44,2.55,290.7,45.9,3.76,0,14.53
2026,26,12.92,1.99,171.8,45.31,4.01,0,12.96
2026,27,15.05,4.5,132,58.81,6.39,11.93,3.25
2026,28,14.63,2.24,348.7,72.8,7.38,0.64,4.5
2026,29,12.43,2.87,307.4,73.34,6.37,0,9.22
2026,30,14.07,2.43,287.2,62.01,5.94,0,13.78
2026,31,15.71,1.49,132.6,49.34,5.26,0,9.15
2026,32,15.82,4.01,135,74.62,8.32,1.84,10.04
2026,33,17.04,1.78,321.7,69.03,7.99,0.06,6.63
2026,34,15.33,1.72,322.5,65.46,6.71,0,9.44
2026,35,15.29,3.28,317.1,56.71,5.88,0,11.93
2026,36,14.4,3.1,301.2,58.94,5.52,0,16.74
2026,37,14.9,4.7,302.6,50.65,4.97,0,17.44
2026,38,16.02,5.77,303.3,50.8,5.52,0,16.6
2026,39,15.23,4.23,299.5,47.97,4.81,0,16.89
2026,40,16.02,1.21,1.3,40.06,4.4,0,15.73
2026,41,16.96,1.39,49.6,43.35,5.01,0,15.94
2026,42,18.25,3.03,321.6,45.46,5.62,0,14.97
2026,43,16.73,4.05,300.9,50.17,5.53,0,16.06
2026,44,17,2.96,296.3,42.45,4.8,0,16.57
2026,45,16.93,3.6,308.5,43.16,4.94,0,18.08
2026,46,17.75,3.3,302.7,43.64,5.15,0,18.6
2026,47,18.67,2.1,334.1,41.87,5.2,0,18.85
2026,48,19.59,2.29,116.8,37.61,5.01,0,17.68
2026,49,18.65,1.72,232.3,49.61,6.23,1.29,4.38
2026,50,19.44,1.38,320.4,52.76,6.84,0.09,15.81
2026,51,20.04,2.36,308,48.04,6.59,0,17.1
2026,52,19.06,3.25,296.6,50.11,6.49,0,17.84
2026,53,19.5,1.94,311.1,44.14,5.84,0,18.41
2026,54,20.35,1.79,318,41.49,5.91,0,18.25
2026,55,20.28,2.43,326.9,44.44,6.2,0,18.13
2026,56,19.72,3.54,308.1,39.54,5.2,0,18.71
2026,57,19.07,4.78,303.1,37.82,4.73,0,19.79
2026,58,21.1,2.9,314.2,38.02,5.59,0,19.49
2026,59,21.93,3.24,316.1,36.71,5.67,0,18.1
2026,60,20.84,5.26,312.1,37.51,5.18,0,20.14
2026,61,20.74,5.93,307.1,35.48,4.92,0,22.46
2026,62,21.32,5.84,294.9,33.84,4.76,0,22.78
2026,63,22.33,5.15,302.6,34.95,5.24,0,21.88
2026,64,24.08,5.29,300.8,37.16,6.44,0,20.77
2026,65,24,2.84,330.7,40.5,7.13,0,20.91
2026,66,24.74,2.4,123.2,39.78,7.13,0,20.06
2026,67,25.54,4,305,39.07,7.49,0,20.46
2026,68,25.48,2.89,321,39.73,7.56,0,19.89
2026,69,25.6,2.61,54.3,39.81,7.6,0,19.8
2026,70,26.16,4.31,288.6,33.38,6.43,0,21.65
2026,71,26.16,3.59,297.8,32.37,6.41,0,17.51
2026,72,24.47,3.27,306.8,41.81,7.69,0,17.15
2026,73,25.41,3.23,308.3,30.97,5.75,0,16.17
2026,74,22.51,4.12,83,42.69,7.29,5.52,17.14
2026,75,23.48,3.66,126.4,40.25,6.71,0,21.51
2026,76,23.55,2.09,69.7,34.59,6.07,0,18.83
2026,77,25.31,2.01,135.1,34.34,6.51,0.4,18.2
2026,78,21.36,4.21,13.7,52.85,8.23,2.06,8.4
2026,79,18.07,1.9,218.6,82.33,10.83,18.55,8.07
2026,80,20.58,3.46,339.3,61.27,8.66,0.06,18.8
2026,81,22.35,5.58,304.3,47.26,7.58,0,21.19
2026,82,22.7,2.99,264.8,51.74,8.71,1.01,14.1
2026,83,23.68,4.11,302.8,48.41,8.23,0.32,22.3
2026,84,24.88,4.01,312.5,40.49,7.27,0,22.95
2026,85,27.17,6.47,301,39.87,8.45,0,19.51
2026,86,25.56,4.13,329.4,52.71,10.23,0.02,16.16
2026,87,25.71,2.04,309,46.28,9.37,0.01,21.47
2026,88,27.35,2.81,116.5,39.91,8.56,0.01,20.42
2026,89,26.37,6.08,258.1,42.95,8.78,0.21,14.98
2026,90,26.48,3,316,44.86,8.98,0.03,19.66
2026,91,26.49,2.44,329.7,42.23,8.69,1.36,19.59
2026,92,29.64,3.64,349.4,31.86,7.65,0,21.62
2026,93,26.52,3.41,284,46.62,9.82,0.64,18.97
2026,94,25.82,3.42,301.6,49.42,10.06,0.55,17.47
2026,95,26.37,3.11,323.2,42.98,8.66,0.99,16.66
2026,96,25.99,3.72,303.8,38.45,7.58,0.07,21.13
2026,97,25.08,3.74,125,38.54,7.5,0.05,4.3
2026,98,21.75,2.71,81.4,59.63,9.67,8.44,18.83
2026,99,22.71,2.92,358.5,52.71,8.11,0.01,20.86
2026,100,24.74,7.47,305.6,35.92,6.38,0,23.87
2026,101,26.35,6.31,316.6,35.41,7.09,0,22.16
2026,102,26.85,4.68,315.7,33.88,6.98,0,23.73
2026,103,26.53,4.86,313.3,31.49,6.16,0,24.29
2026,104,28.53,4.93,313.7,28.73,6.3,0,23.88
2026,105,29.35,4.73,323.3,25.31,5.83,0,24.48
2026,106,30.74,4.15,338.2,24.45,6.25,0,24.22
2026,107,30.25,2.18,105.2,24.4,6.16,0.3,21.43
2026,108,32.24,3,310.3,27.93,7.74,0.85,23.83
2026,109,32.5,3.82,306.6,25.35,7.06,0,22.27
2026,110,31.97,4.88,319.1,25.32,6.89,0,24.44
2026,111,31.51,6.5,310,22.18,5.85,0,24.68
2026,112,32.24,5.88,300.8,21.5,5.89,0,24.87
2026,113,33.04,3.77,310.9,22.84,6.63,0,24.72
2026,114,34.67,3.3,317.8,20.72,6.65,0,24.4
2026,115,35.41,5.28,324,23.78,8.01,0,24.11
2026,116,35.38,5.99,315,21.87,7.41,0,24.26
2026,117,35.49,5.02,325.3,18.99,6.57,0,24.5
2026,118,34.83,3.97,331.7,22.68,7.63,0.62,24.09
2026,119,33.22,3.83,71.6,28.8,9.01,0.62,21.11
2026,120,33.16,3.84,140.3,25.79,7.8,0.81,13.93
2026,121,31.39,3.9,111.5,37.85,10.06,0.51,23.31
2026,122,32.99,3.12,165.5,28.09,8.36,0.1,23.2
2026,123,32.58,5.54,120.5,31.61,9.17,0.33,23.2
2026,124,27.68,5.96,103.7,48.66,11.25,13.98,23.36
2026,125,28.27,3.81,132.4,43.72,9.93,0.51,21.91
2026,126,29.05,3.68,269.9,44.28,10.41,1.61,23.62
2026,127,29.04,5.43,115.6,42.25,10.33,1.17,23.62
2026,128,29.05,4.61,116.2,43.71,10.49,0,23.71
2026,129,30.79,3.95,123.5,38.39,10.26,0,23.28
2026,130,31.21,4.48,136.4,38.44,10.56,0,23.85
2026,131,32.92,4.92,133.9,34.63,10.53,0,23.32
2026,132,32.73,3.71,139.8,38.16,11.51,0.31,23.54
2026,133,33.53,3.37,134.8,36.8,11.41,2.43,23.95
2026,134,33.73,2.85,303,34.79,10.7,2.58,23.99
2026,135,34.06,4.43,303,28.08,8.87,0.03,24.17
2026,136,34.01,5.36,310.6,26.59,8.22,0.09,24.4
2026,137,35.15,6.43,308.6,25.31,8.5,0,24.23
2026,138,36.2,5.57,306.5,23.7,8.37,0,24.79
2026,139,37.21,5.54,291.6,18.38,6.68,0,25.1
2026,140,36.68,4.73,290.1,16.91,6.12,0,-999
2026,141,37.15,4.37,280.1,20.18,7.74,0,24.74
2026,142,37.23,4.59,284.4,15.78,6,0,25.11
2026,143,36.53,5.52,308.9,20.87,7.64,0,24.29
2026,144,36.8,7.03,301.5,19.48,7,0,24.81
2026,145,37.36,4.51,281.5,17.59,6.83,0,24.05
2026,146,37.22,7.42,317.6,14.46,5.27,0,25.37
2026,147,37.42,6.24,308.7,11.82,4.41,0,25.53
2026,148,36.79,4.58,122.3,17.02,6.48,0,24.59
2026,149,34.78,5.81,133.3,31.64,10.52,2.6,23.5
2026,150,33.68,5.62,114,33.41,10.63,1.82,24.43
2026,151,30.46,3.41,120.1,46,12.44,7.94,20.06
2026,152,31.67,2.43,118.9,45.27,12.77,0.92,22.36
2026,153,33.15,2.34,128.2,41.47,12.96,0.38,21.69
2026,154,34.85,2.23,351.5,34.63,11.59,0.96,23.71
2026,155,36.12,1.44,309.1,29.9,10.97,0.33,21.72
2026,156,34.99,2.72,307.2,34.08,11.69,0.63,17.14
2026,157,35.77,3.04,327.7,30.53,10.64,0,23.92
2026,158,36.87,3.04,309.9,26.32,9.95,0,23.96
2026,159,37.77,3.47,305.6,23.59,9.15,0,24.26
2026,160,38.95,3.98,286.8,17.83,7.56,0.1,24.41
2026,161,39.35,4.55,266.2,23.71,10.61,1.07,24.19
2026,162,38.34,4.19,149.6,34.32,14.48,4.25,23.64
2026,163,32.91,4.83,88,45.6,14.2,2.77,22.74
2026,164,33.36,2.25,14.9,39.42,11.93,0.01,22.23
2026,165,34.92,2.86,292.7,31.86,10.87,0,24.33
2026,166,35.45,3.72,292.4,35.48,12.49,1.01,24.18
2026,167,35.18,2.87,278.5,36.82,12.73,0.99,-999
2026,168,35.31,2.13,286,36.69,12.64,0,-999
2026,169,36.66,2.8,298.2,30.81,11.7,0.06,-999
2026,170,36.74,3.11,282.8,33.25,12.56,0.71,-999
2026,171,-999,-999,-999,-999,-999,-999,-999
2026,172,-999,-999,-999,-999,-999,-999,-999
2026,173,-999,-999,-999,-999,-999,-999,-999
